Python,Java,C,C++,SQL,HTML,CSS,JavaScript,React,NodeJS,PHP,Bootstrap,Machine Learning,Deep Learning,Artificial Intelligence,TensorFlow,PyTorch,Scikit-learn,Pandas,NumPy,Matplotlib,Seaborn,Git,GitHub,Docker,Kubernetes,AWS,Azure,Linux,Flask,Django,FastAPI,MongoDB,MySQL,Power BI,Excel,Data Analysis,Data Visualization,Computer Vision,NLP,Career
1,0,0,0,1,0,1,0,1,0,0,1,1,0,0,0,0,1,1,1,1,1,1,0,0,1,1,0,0,0,0,0,0,0,1,1,1,1,0,0,Data Scientist
1,0,0,0,1,0,0,0,0,0,0,0,1,1,1,1,1,1,1,0,0,0,1,0,1,0,0,0,1,0,0,0,0,0,0,0,1,1,1,1,AI Engineer
1,0,0,0,1,0,0,0,0,0,0,0,0,0,0,0,0,0,1,1,1,0,0,0,0,0,1,0,0,0,0,0,1,0,1,1,1,1,0,0,Data Analyst
0,0,0,1,0,0,0,0,0,0,1,0,0,0,0,1,0,0,0,0,0,0,0,0,1,1,1,1,1,0,0,0,1,1,0,0,1,0,1,1,Cloud Engineer
1,1,0,0,1,1,0,0,0,0,0,0,1,1,1,1,1,1,0,1,0,0,1,0,1,0,0,0,1,0,0,0,0,1,0,0,0,0,1,1,AI Engineer
0,0,0,0,1,1,0,1,0,0,1,1,0,0,0,0,1,0,1,0,1,0,0,0,1,0,0,1,1,0,0,0,0,1,1,1,0,0,0,0,Web Developer
0,0,0,0,0,1,1,1,0,0,1,1,0,0,0,0,0,0,0,0,0,0,1,1,0,0,0,0,1,1,1,0,0,0,0,0,0,0,0,0,Frontend Developer
1,0,0,1,1,0,0,0,0,0,1,1,1,0,1,1,1,1,1,1,0,0,1,0,1,0,1,0,1,0,0,0,0,0,0,0,0,1,1,1,AI Engineer
1,0,0,0,1,1,0,0,0,1,0,0,0,0,1,0,0,0,0,0,0,0,0,0,0,1,0,0,0,1,1,1,1,1,0,0,0,0,0,0,Backend Developer
1,0,0,0,1,0,0,0,0,0,0,1,0,1,1,1,1,1,1,1,0,0,1,0,1,0,0,0,1,0,0,0,0,0,0,0,0,0,1,1,AI Engineer
1,0,0,0,1,0,1,0,0,0,1,0,0,0,0,0,0,0,1,0,1,1,0,0,0,0,1,0,0,0,0,0,0,0,0,1,1,1,0,0,Data Analyst
1,0,0,0,0,0,0,0,0,0,0,0,0,0,0,1,0,0,0,0,0,0,1,1,1,1,1,0,1,0,0,0,0,0,0,0,0,0,0,0,Cloud Engineer
1,1,1,1,1,0,0,0,0,0,0,0,0,0,1,0,0,0,0,0,0,0,1,1,0,0,0,0,1,1,0,0,1,0,1,1,0,0,0,0,Software Engineer
0,0,0,0,0,1,1,1,1,0,0,1,1,0,0,0,0,0,1,0,0,1,1,0,0,1,0,0,0,0,0,0,0,1,0,1,0,0,0,0,Web Developer
1,0,0,0,0,0,0,0,0,1,0,0,0,0,0,0,0,0,0,0,0,0,1,0,0,0,0,0,0,1,1,1,1,1,0,0,1,0,0,0,Backend Developer
1,0,0,0,1,0,0,0,0,0,0,0,0,0,0,0,0,0,1,0,0,0,0,0,0,0,1,1,1,0,0,0,0,1,1,1,1,1,0,0,Data Analyst
1,1,0,0,0,1,1,0,1,0,1,1,0,0,0,0,0,0,0,0,0,1,0,1,0,0,0,1,0,0,0,0,0,1,1,0,0,0,1,0,Web Developer
0,0,0,0,0,1,1,0,1,1,0,1,0,0,0,1,0,0,0,0,0,1,1,1,0,0,1,0,0,0,0,0,1,1,1,0,0,0,0,0,Full Stack Developer
1,0,0,0,1,0,1,0,0,0,0,0,0,1,1,0,1,0,1,0,1,0,0,1,0,0,0,0,1,0,1,0,0,0,1,1,1,1,0,1,Data Analyst
1,0,0,0,1,0,0,0,0,1,0,0,0,0,0,0,0,0,0,0,0,0,0,0,0,0,0,0,0,1,1,1,1,1,0,0,0,0,0,0,Backend Developer
1,1,1,1,0,0,0,0,0,0,0,1,0,0,1,0,1,0,1,1,0,0,1,1,0,0,0,1,1,0,0,0,0,0,0,0,0,0,0,0,Software Engineer
1,1,1,1,1,0,0,0,1,0,0,0,1,0,0,0,0,1,0,0,0,0,1,1,0,0,1,0,0,0,0,0,0,0,0,0,0,0,0,0,Software Engineer
1,0,0,0,0,1,1,1,1,0,1,0,0,0,0,0,0,0,0,0,0,0,1,0,0,1,1,0,1,0,1,0,1,0,0,0,0,0,0,0,Web Developer
0,0,0,0,0,0,0,0,1,0,1,0,0,0,0,0,0,0,0,1,0,0,1,0,1,1,0,1,1,1,0,0,0,0,1,0,0,0,0,1,Cloud Engineer
1,0,1,0,1,0,0,0,0,0,0,0,1,1,1,1,0,1,1,1,0,0,1,0,1,0,0,0,1,1,0,0,0,0,0,1,0,0,1,1,AI Engineer
1,0,0,0,1,0,0,0,0,0,0,0,1,1,0,1,0,1,1,1,1,1,1,1,1,0,0,0,0,0,0,0,0,0,1,1,1,0,0,0,Data Scientist
1,0,1,1,1,1,0,0,0,0,0,0,1,0,1,0,0,1,1,1,1,1,1,0,0,0,1,0,0,0,0,0,1,0,1,1,1,1,0,0,Data Scientist
1,0,0,0,0,0,0,1,0,0,1,0,0,0,0,0,0,1,0,0,0,0,1,0,1,1,1,1,1,1,0,0,0,0,0,1,0,1,0,0,Cloud Engineer
1,0,0,0,1,0,0,0,1,1,0,0,1,0,0,0,0,1,1,1,1,1,1,0,0,1,0,0,1,0,0,1,0,0,1,1,1,1,0,0,Data Scientist
1,0,1,1,0,1,1,1,1,0,1,1,0,0,0,0,0,1,0,0,0,0,1,0,0,0,0,0,1,0,0,0,0,0,0,0,1,0,0,0,Frontend Developer
1,0,0,0,1,0,0,0,0,0,0,0,1,1,0,0,0,1,1,1,1,1,1,1,0,0,0,0,0,0,0,0,0,0,1,1,1,1,1,1,Data Scientist
0,1,0,1,0,0,1,1,1,0,0,1,0,1,0,0,0,0,0,0,0,0,1,0,1,0,0,0,0,0,1,0,1,0,0,0,1,0,0,0,Frontend Developer
1,0,0,1,0,0,0,0,0,0,0,0,0,0,0,0,0,0,0,0,0,0,1,0,1,0,1,1,1,0,0,0,0,0,0,0,0,0,0,0,Cloud Engineer
0,0,0,0,1,0,0,0,1,0,0,0,0,1,0,0,0,0,1,0,1,0,0,0,0,0,1,1,0,0,0,0,1,0,1,1,1,1,0,0,Data Analyst
1,0,0,0,1,0,1,0,0,0,0,0,1,1,0,1,1,1,0,0,0,0,1,0,1,0,1,0,1,0,0,0,0,0,0,1,0,1,0,0,ML Engineer
1,1,0,0,1,0,0,1,0,0,0,0,1,0,1,1,1,1,0,1,0,0,1,0,1,0,0,0,1,0,0,0,1,0,0,0,0,0,1,0,AI Engineer
0,0,0,0,0,1,1,1,1,0,0,1,1,0,0,0,0,0,0,1,0,0,0,0,0,0,1,0,0,0,0,0,1,0,0,1,1,0,0,0,Frontend Developer
1,0,0,0,1,1,1,0,0,0,0,1,0,0,0,1,0,0,1,0,1,0,0,1,1,0,0,0,0,0,0,0,0,0,1,1,1,1,0,0,Data Analyst
0,1,0,1,0,1,1,1,1,0,0,1,0,0,0,0,0,0,1,0,0,0,1,0,0,0,0,0,0,0,0,1,1,0,0,0,0,0,0,0,Frontend Developer
1,0,0,1,1,0,0,0,0,0,0,0,1,0,0,0,1,1,1,1,1,1,1,0,0,0,0,0,0,0,0,0,1,1,1,1,1,1,0,0,Data Scientist
0,1,0,0,0,1,1,1,1,0,0,1,0,0,0,0,0,0,0,0,0,0,1,1,0,0,0,0,0,1,0,0,0,0,0,0,0,0,0,0,Frontend Developer
1,1,0,0,0,1,1,1,1,0,0,1,1,0,0,0,0,1,0,0,1,1,1,0,0,1,0,1,0,0,0,0,0,0,0,0,0,0,0,1,Frontend Developer
0,0,0,0,0,1,1,1,0,0,0,1,0,0,0,0,0,0,1,0,1,0,1,1,0,0,0,0,0,0,0,0,1,1,0,0,0,0,0,0,Frontend Developer
1,0,0,0,0,0,0,0,0,0,0,0,0,0,0,0,0,0,0,0,0,1,1,0,0,1,0,1,1,0,0,0,0,0,0,0,0,0,0,1,Cloud Engineer
1,0,1,0,1,0,1,0,0,0,1,0,0,0,0,0,0,0,1,0,1,1,0,0,0,0,0,1,0,0,0,0,1,0,1,1,1,1,0,1,Data Analyst
0,1,0,0,0,1,1,0,1,1,0,1,0,0,0,0,0,0,0,0,0,0,1,1,0,1,0,0,1,0,0,0,1,1,0,0,0,1,0,0,Full Stack Developer
1,0,0,0,0,0,0,0,0,0,0,0,0,1,1,0,1,1,0,1,0,0,1,0,1,0,0,0,1,0,1,0,0,0,0,0,0,0,1,1,AI Engineer
1,0,0,0,0,1,1,1,0,0,1,1,0,0,1,0,1,0,0,1,0,1,1,0,0,0,0,0,0,0,0,0,0,1,0,0,0,0,0,0,Web Developer
1,0,0,0,0,0,0,0,0,0,0,0,0,0,0,1,0,0,0,0,0,1,1,0,1,1,1,1,1,0,0,0,1,0,0,0,0,0,0,0,Cloud Engineer
1,1,1,1,1,1,0,0,0,0,0,0,0,0,0,0,0,0,1,0,0,0,1,1,0,0,0,0,0,0,1,0,0,0,0,0,1,0,0,0,Software Engineer
1,0,0,0,1,0,0,0,0,0,1,0,0,1,0,0,0,0,1,0,1,0,0,0,0,0,0,0,1,0,0,0,0,0,1,1,1,1,0,0,Data Analyst
1,0,0,0,1,0,0,0,0,0,0,0,0,0,0,0,1,0,1,0,0,0,0,0,1,0,1,1,1,0,1,0,0,0,1,1,0,0,0,1,Data Analyst
1,1,0,0,0,1,0,0,0,0,1,1,1,0,0,0,0,0,0,0,0,0,1,0,1,1,1,1,1,0,0,1,1,0,0,0,0,0,0,1,Cloud Engineer
0,0,0,0,0,0,0,0,0,0,0,0,0,1,0,1,0,0,0,0,0,0,1,0,1,1,1,1,1,1,0,0,1,0,1,0,0,0,0,0,Cloud Engineer
0,0,0,0,0,1,1,1,1,1,0,1,0,0,0,0,0,0,1,0,0,0,1,1,0,0,0,1,1,0,0,0,1,1,0,0,0,0,0,0,Full Stack Developer
1,0,1,0,0,1,0,0,0,1,0,0,0,0,0,1,0,0,0,0,0,0,1,0,1,0,1,1,0,0,0,0,0,0,0,0,0,0,0,0,Cloud Engineer
1,0,0,0,1,0,1,0,0,1,0,0,1,0,0,0,1,0,0,0,0,0,1,0,0,0,0,0,0,1,0,1,1,1,0,1,0,0,0,0,Backend Developer
0,0,0,0,0,0,1,0,0,0,0,0,0,0,0,0,0,0,1,1,1,0,1,0,1,0,0,0,0,0,0,0,0,0,1,1,1,1,0,0,Data Analyst
1,1,1,1,1,0,0,0,0,0,0,0,0,0,1,0,0,0,0,0,0,0,1,1,1,0,0,0,1,0,0,1,0,0,0,0,0,0,0,0,Software Engineer
1,0,0,0,0,1,1,1,1,0,0,1,0,0,0,1,0,0,1,0,1,1,1,0,0,0,0,0,0,0,1,1,0,0,0,0,0,0,0,0,Frontend Developer
1,0,0,0,0,0,0,0,0,0,0,0,0,0,0,1,0,0,1,0,1,0,1,0,1,1,1,1,1,0,0,0,0,0,0,0,0,0,0,0,Cloud Engineer
0,0,1,0,0,0,0,0,1,0,0,0,0,0,0,0,0,0,0,0,0,0,1,0,1,0,1,0,1,1,0,0,0,0,0,0,1,0,0,0,Cloud Engineer
1,1,1,1,1,0,0,0,0,1,0,0,1,0,0,0,0,0,0,0,0,0,1,1,1,0,1,0,1,1,0,0,0,0,1,1,0,1,0,0,Software Engineer
1,0,0,0,0,1,1,1,0,1,1,1,1,0,0,1,0,1,0,1,0,0,1,0,0,0,0,0,1,1,0,0,0,0,0,1,0,1,0,0,Web Developer
1,0,1,0,1,0,0,0,0,0,0,0,0,0,0,0,1,0,1,0,1,0,0,0,0,0,0,0,1,0,1,0,0,0,1,1,1,1,0,0,Data Analyst
1,0,1,1,0,0,0,0,0,0,0,0,0,0,0,0,0,0,1,0,1,0,1,0,1,1,1,1,1,0,0,0,0,0,0,0,1,0,0,0,Cloud Engineer
1,0,0,1,0,0,0,0,0,0,1,0,0,0,0,1,0,0,0,0,0,0,1,0,0,1,1,1,1,0,0,1,0,0,0,0,0,0,0,1,Cloud Engineer
0,0,0,1,0,1,1,1,0,0,1,0,0,0,0,0,0,0,0,1,0,0,1,1,0,0,0,0,0,0,0,0,0,0,1,0,1,0,0,0,Web Developer
0,0,0,0,0,1,1,1,1,1,0,1,0,0,0,0,0,0,0,1,0,1,1,0,0,1,0,0,0,0,0,1,0,0,0,0,0,0,1,0,Frontend Developer
0,1,0,0,0,0,1,1,1,1,1,1,1,1,0,0,0,0,0,0,1,0,0,1,0,0,0,0,1,0,0,1,0,1,0,0,0,0,0,0,Frontend Developer
0,0,0,0,1,1,1,1,1,0,1,1,1,0,0,0,0,0,0,0,0,0,1,0,0,0,0,0,0,0,0,0,1,0,0,0,0,0,1,0,Frontend Developer
0,0,0,0,0,1,0,1,0,0,0,1,0,0,0,0,0,0,0,1,0,0,1,0,0,0,1,1,0,1,0,0,1,1,0,0,0,0,1,1,Full Stack Developer
1,0,0,0,0,0,0,1,0,1,0,0,1,0,0,1,0,1,0,0,0,0,1,0,1,1,1,0,0,0,0,0,1,0,0,0,0,0,0,1,ML Engineer
1,0,0,0,1,0,0,0,0,0,0,1,1,1,1,0,0,0,1,1,1,1,1,0,0,0,0,0,1,0,0,0,0,1,1,1,1,1,0,1,Data Scientist
0,0,0,0,1,0,0,1,0,0,0,0,0,0,0,0,1,0,1,0,1,1,1,0,0,0,1,0,0,0,0,1,0,0,1,1,1,1,0,0,Data Analyst
1,0,0,0,0,1,0,0,1,0,0,0,1,1,0,1,1,1,0,0,0,0,1,0,1,0,0,0,1,0,1,0,0,0,0,0,1,0,0,0,ML Engineer
1,0,0,0,1,0,0,0,0,0,0,0,1,1,0,1,1,1,0,0,0,0,1,0,1,0,1,0,1,0,1,0,1,0,0,1,0,0,0,0,ML Engineer
0,1,0,0,0,1,1,1,1,1,0,1,0,0,0,0,0,0,0,0,0,0,1,1,0,0,0,1,0,0,1,0,1,1,0,0,0,0,0,0,Full Stack Developer
1,0,0,0,0,0,0,0,0,0,0,0,0,1,1,1,0,0,0,0,0,0,1,0,1,0,1,1,1,0,0,0,0,0,0,0,0,0,0,0,Cloud Engineer
1,1,1,1,1,0,0,0,0,0,0,0,1,1,0,0,0,0,0,0,0,1,1,1,0,0,0,0,1,0,0,0,0,0,0,1,0,0,0,0,Software Engineer
1,1,1,0,1,0,0,0,0,0,0,0,0,0,0,0,0,0,0,0,0,0,1,1,0,0,1,1,1,0,0,0,0,1,0,0,0,0,0,0,Software Engineer
0,0,0,0,0,1,1,1,1,0,0,1,0,0,0,0,0,0,1,0,0,0,0,0,1,0,0,1,0,0,0,0,0,0,0,0,1,0,0,0,Frontend Developer
1,0,0,0,1,0,0,0,0,0,0,0,0,1,1,1,1,1,1,1,0,0,1,0,1,0,1,0,1,0,1,0,0,0,0,0,0,0,1,1,AI Engineer
1,0,0,1,1,1,0,1,1,1,0,0,1,0,0,0,0,1,1,1,0,1,1,0,0,0,0,1,1,0,0,1,0,0,0,1,1,1,0,1,Data Scientist
0,0,0,1,0,1,1,1,1,1,0,0,0,0,0,0,1,0,0,0,0,0,1,1,0,1,0,0,0,1,0,0,1,1,0,0,0,0,0,0,Full Stack Developer
1,0,0,0,1,0,1,0,0,0,0,0,0,1,0,1,1,1,0,0,0,0,1,0,1,0,1,0,1,0,0,0,0,0,0,0,0,0,0,0,ML Engineer
1,0,0,0,1,1,0,0,1,0,0,1,1,0,0,0,0,1,1,0,1,1,1,0,0,0,0,0,0,1,0,0,0,0,0,1,1,1,1,0,Data Scientist
1,0,0,0,0,1,0,0,0,0,0,0,1,1,0,1,1,1,0,0,0,1,1,0,1,0,0,0,0,0,0,0,1,0,0,0,0,0,0,0,ML Engineer
1,0,0,1,1,0,0,0,0,0,0,0,0,0,0,0,0,0,0,0,0,0,1,1,0,1,0,0,1,0,0,0,0,0,0,0,0,1,1,0,Software Engineer
1,1,0,1,1,1,0,0,0,0,0,0,0,0,0,0,0,0,0,0,0,1,1,1,0,0,0,1,1,0,0,0,0,0,0,0,0,0,0,0,Software Engineer
1,1,1,1,1,0,0,0,0,1,0,0,0,0,0,0,0,1,0,0,0,0,1,1,0,0,0,0,1,0,0,0,1,0,0,0,0,0,0,0,Software Engineer
1,0,1,0,0,0,0,0,0,0,0,0,0,0,0,0,0,0,0,0,0,1,1,0,1,0,1,0,1,1,1,0,0,0,0,1,0,0,0,0,Cloud Engineer
1,0,0,0,1,1,0,0,0,0,0,0,1,0,1,0,0,1,1,1,1,1,1,0,1,0,0,1,0,0,0,0,0,0,1,1,1,1,0,1,Data Scientist
0,1,0,1,1,1,1,1,1,0,0,1,0,0,0,1,0,0,0,1,0,0,1,0,0,0,0,1,0,0,0,0,0,0,0,0,0,1,0,0,Frontend Developer
0,0,0,0,0,1,1,1,1,0,0,1,0,1,0,0,0,0,0,0,0,0,1,0,1,0,0,0,1,1,1,0,1,0,0,0,0,0,0,0,Frontend Developer
0,1,0,0,0,1,1,1,1,0,1,1,0,0,0,0,1,0,0,0,0,1,1,0,1,0,0,0,0,0,0,0,0,0,0,1,0,1,0,0,Web Developer
0,0,0,0,0,1,1,1,1,1,0,1,0,0,0,0,0,0,1,0,1,0,1,1,0,0,1,0,0,0,0,0,1,1,0,1,1,0,0,0,Full Stack Developer
1,1,0,0,1,0,0,0,0,0,0,0,1,1,1,1,1,1,1,1,0,0,1,0,1,0,0,1,1,1,1,0,0,0,0,0,0,0,1,1,AI Engineer
1,1,0,1,0,0,0,0,0,0,0,1,0,0,0,0,0,0,0,0,0,1,1,0,1,1,1,1,1,0,0,0,0,1,1,0,0,0,0,0,Cloud Engineer
1,0,0,0,1,0,0,0,0,0,0,0,0,0,0,0,0,0,1,0,1,0,0,0,0,0,0,0,0,0,0,1,1,1,0,1,1,1,1,1,Data Analyst
0,0,0,0,0,1,0,0,0,1,0,0,0,0,0,0,0,0,0,0,0,0,1,0,0,0,0,0,1,1,0,1,1,1,0,0,0,0,0,0,Backend Developer
1,0,0,1,1,0,0,0,0,1,0,0,0,0,0,0,0,0,0,0,0,1,1,1,0,0,0,0,0,0,1,1,1,1,1,0,0,1,0,0,Backend Developer
0,0,0,0,0,1,1,1,1,0,0,1,0,0,0,1,1,0,0,1,0,0,1,0,0,0,0,0,0,0,0,0,0,0,1,0,0,0,1,0,Frontend Developer
1,1,0,0,1,0,0,1,0,0,0,0,1,0,0,1,1,1,0,0,0,0,1,0,1,0,1,0,1,0,0,0,0,0,1,0,1,0,0,0,ML Engineer
0,0,0,0,0,1,1,1,1,0,0,1,0,0,0,0,1,1,0,0,0,0,1,0,0,0,0,0,0,0,0,0,0,1,0,0,0,0,0,0,Frontend Developer
1,0,0,0,1,0,0,0,0,0,0,0,1,0,0,1,0,1,1,1,1,1,1,0,0,1,0,0,0,1,0,1,0,0,1,1,1,1,0,0,Data Scientist
1,0,0,0,0,0,0,0,0,0,0,0,1,1,1,1,1,1,1,1,0,0,1,0,1,1,0,0,1,0,1,0,0,0,1,0,0,0,1,1,AI Engineer
1,0,0,0,1,0,0,1,0,1,0,0,0,0,0,0,0,0,1,1,1,0,1,0,0,0,0,0,1,0,1,1,1,1,1,1,0,0,0,0,Backend Developer
0,0,0,0,0,1,1,1,1,0,0,1,0,1,0,0,0,0,0,1,0,0,1,0,0,0,0,0,0,1,0,0,0,0,0,0,0,0,1,0,Frontend Developer
1,0,0,0,0,0,1,1,1,0,0,1,0,0,0,0,0,1,0,0,0,1,1,0,0,0,0,0,0,1,0,0,0,1,0,0,0,0,0,0,Frontend Developer
0,0,0,0,0,1,1,1,1,0,1,1,0,0,1,0,0,0,0,0,0,0,1,0,0,0,0,0,1,0,1,0,1,0,0,0,1,0,0,0,Frontend Developer
1,0,1,0,0,1,0,0,0,0,0,0,0,0,0,0,0,1,0,0,0,0,1,0,1,1,1,1,1,0,0,0,0,0,0,0,0,0,0,0,Cloud Engineer
1,0,0,0,1,0,0,0,0,0,0,0,1,0,0,0,0,1,1,0,1,0,1,0,0,0,0,0,0,0,0,0,0,1,1,1,1,1,0,0,Data Scientist
1,0,0,0,0,0,0,0,0,0,0,1,1,1,0,1,1,1,1,0,1,0,1,0,0,0,1,0,0,1,0,0,0,0,0,0,1,0,0,0,ML Engineer
0,0,1,0,0,1,1,1,1,0,0,1,1,0,1,0,1,0,0,1,1,0,1,0,0,0,0,0,1,0,0,0,1,0,0,0,0,0,1,0,Frontend Developer
0,0,0,1,1,1,1,1,1,0,1,1,0,0,0,0,1,0,1,0,1,0,1,0,0,0,0,0,1,0,1,0,0,1,0,0,0,0,1,0,Frontend Developer
1,0,0,0,1,1,0,0,0,0,0,0,0,1,1,1,1,0,1,1,1,0,1,0,1,1,0,0,1,0,0,0,1,0,0,0,0,0,0,1,AI Engineer
0,0,1,0,0,1,1,1,1,0,0,0,0,0,0,1,0,0,0,0,0,0,1,0,0,1,0,0,0,0,0,1,0,0,0,0,0,0,0,0,Frontend Developer
0,0,1,1,0,1,1,1,1,1,1,1,0,1,0,0,0,0,0,0,0,0,1,0,0,0,0,0,0,0,0,0,1,1,0,0,0,0,0,0,Full Stack Developer
1,0,0,0,1,0,0,1,1,1,0,0,0,0,0,1,0,0,0,0,0,0,1,0,0,0,0,0,0,1,1,1,1,1,0,0,0,0,0,1,Backend Developer
0,0,0,0,0,1,0,1,0,1,1,1,0,0,0,0,0,0,0,0,0,0,1,0,0,0,0,0,0,0,0,0,0,1,1,0,0,0,0,0,Web Developer
1,0,0,0,0,0,0,0,1,0,0,0,0,0,0,1,0,1,1,0,0,0,1,1,0,1,1,1,1,0,0,0,0,0,1,0,0,0,0,0,Cloud Engineer
1,0,1,0,0,0,0,0,1,0,0,0,1,0,0,0,0,0,0,0,0,0,0,0,1,1,1,1,1,0,0,0,1,0,0,0,0,0,0,1,Cloud Engineer
0,0,1,0,0,1,1,1,1,1,0,1,0,0,1,0,0,0,0,0,0,0,1,0,0,0,0,0,0,0,0,0,0,0,0,0,0,0,0,0,Frontend Developer
1,1,0,0,0,0,0,0,0,0,0,0,1,1,0,1,1,0,0,0,1,0,1,0,1,1,1,0,1,0,0,0,0,1,0,0,0,0,1,0,ML Engineer
0,0,1,0,1,1,1,1,0,1,1,1,1,0,0,0,0,0,0,0,0,0,1,1,0,0,1,0,0,0,0,0,0,1,0,0,0,1,1,0,Web Developer
1,1,0,0,1,0,0,0,0,0,0,0,1,1,0,1,1,1,1,0,0,0,1,0,1,0,0,0,1,0,0,0,0,0,0,0,1,0,1,1,AI Engineer
1,0,0,0,0,0,1,0,1,0,0,0,1,1,0,1,1,1,0,0,0,0,1,0,1,0,1,0,1,1,0,0,1,0,0,0,0,0,0,0,ML Engineer
0,0,1,0,0,0,1,1,1,1,0,1,0,0,0,0,0,0,0,0,0,0,1,1,1,0,0,1,0,0,0,1,0,0,0,0,0,0,0,0,Frontend Developer
0,0,0,0,0,1,1,1,1,0,0,1,1,1,0,1,0,0,0,1,1,0,1,0,0,0,0,0,0,0,0,0,0,1,0,0,0,0,0,0,Frontend Developer
0,0,0,1,1,0,1,0,0,0,0,0,1,1,1,1,1,0,1,1,0,0,1,0,1,0,0,0,1,0,0,0,0,1,0,0,0,0,1,1,AI Engineer
1,0,0,0,1,0,1,1,0,0,0,0,1,1,0,0,1,1,0,0,0,0,1,0,1,0,0,0,1,0,0,0,0,0,0,0,0,0,1,0,ML Engineer
1,0,0,0,0,0,0,0,0,0,0,0,1,0,0,0,0,0,1,1,1,1,1,0,0,0,0,0,0,0,0,0,0,0,1,1,0,1,1,1,Data Scientist
1,1,1,0,1,0,0,1,1,0,0,0,0,0,0,1,0,1,1,1,1,0,1,0,0,0,0,0,0,0,0,0,0,0,1,1,1,1,0,1,Data Scientist
0,1,0,0,0,1,1,1,1,1,1,1,0,1,1,0,0,1,0,0,1,1,1,1,0,0,1,0,0,0,0,0,1,1,0,0,0,0,1,0,Full Stack Developer
0,0,1,0,0,1,1,1,1,0,0,1,0,0,0,0,0,1,0,0,0,0,1,1,1,0,0,0,0,0,0,0,0,0,1,0,0,0,0,0,Frontend Developer
1,0,0,1,0,0,1,1,0,0,0,1,0,1,0,1,0,0,0,0,0,0,1,0,1,1,1,1,1,0,0,0,0,0,1,0,0,0,0,0,Cloud Engineer
1,0,0,0,1,0,0,1,0,0,0,0,1,1,1,0,0,1,1,1,1,1,1,1,0,0,0,0,0,0,0,0,1,0,1,1,1,1,0,0,Data Scientist
1,0,0,0,1,0,0,0,0,0,0,0,0,0,1,0,0,0,1,0,1,1,0,0,0,0,0,1,0,0,0,0,0,0,1,1,1,1,0,0,Data Analyst
1,1,0,1,1,0,0,0,0,1,0,0,0,0,1,0,0,1,0,0,0,0,1,0,0,0,0,0,0,1,1,1,1,1,0,0,1,0,0,0,Backend Developer
1,0,0,1,1,1,0,1,0,1,1,0,0,0,0,0,0,0,1,0,0,1,1,0,1,0,0,0,0,1,1,1,1,1,0,0,0,0,0,0,Backend Developer
1,0,0,0,1,0,0,0,0,0,0,0,0,0,0,0,1,1,1,1,1,1,1,0,0,1,0,0,0,0,0,0,0,0,1,1,1,1,0,1,Data Scientist
0,0,0,1,0,1,1,1,1,0,0,1,0,1,0,0,1,0,0,0,1,0,1,0,0,0,0,0,0,0,1,0,0,0,0,1,0,0,0,0,Frontend Developer
1,0,0,0,1,0,0,0,0,1,0,0,0,0,0,0,1,0,0,0,0,0,1,0,0,0,0,0,1,0,1,1,1,1,0,0,0,1,0,0,Backend Developer
1,0,0,0,1,0,0,1,0,0,0,0,0,0,0,0,0,1,0,0,0,0,1,0,1,1,1,1,1,0,1,1,0,0,0,0,0,1,0,0,Cloud Engineer
0,0,0,0,1,1,0,0,0,0,0,1,1,0,0,0,0,1,1,1,1,1,1,0,0,0,0,0,1,0,0,0,0,0,1,1,1,1,0,0,Data Scientist
0,0,1,0,0,1,1,1,0,0,1,1,1,1,0,0,0,0,0,0,0,0,1,0,1,0,0,1,0,0,0,0,0,1,0,1,0,0,0,0,Web Developer
1,0,0,0,1,0,0,0,1,0,0,1,1,1,1,1,1,1,1,1,0,0,1,0,1,0,1,1,1,0,0,0,0,0,0,0,0,0,1,0,AI Engineer
1,0,0,0,0,1,1,1,0,0,1,0,0,0,0,0,0,0,1,1,0,0,1,0,0,1,1,1,1,0,0,0,1,0,0,0,0,1,0,1,Cloud Engineer
1,0,0,0,1,0,1,0,0,0,0,0,1,0,0,0,1,1,1,1,1,1,0,0,0,1,0,0,0,0,0,0,0,0,1,1,1,1,1,0,Data Scientist
1,0,0,0,1,0,1,0,0,0,0,0,1,0,0,0,0,1,1,1,0,1,1,0,0,0,0,0,1,0,0,0,0,0,1,1,1,1,0,0,Data Scientist
1,1,1,1,1,0,0,0,0,0,0,0,0,0,0,1,0,0,0,1,1,1,1,1,0,0,0,0,1,1,1,0,0,0,0,0,0,0,0,0,Software Engineer
1,0,0,0,1,0,0,0,1,0,0,0,0,0,0,0,0,0,0,0,0,0,1,0,1,1,1,1,1,0,0,0,1,0,1,0,0,0,0,0,Cloud Engineer
1,0,0,0,1,0,0,0,0,1,0,0,1,0,0,0,0,0,0,0,0,0,1,0,0,0,1,0,0,1,1,1,1,1,0,0,0,0,0,0,Backend Developer
0,0,0,0,0,0,1,1,1,1,0,1,0,0,1,0,0,0,0,0,0,0,1,1,0,0,0,0,0,0,0,0,0,1,0,0,0,0,0,0,Full Stack Developer
1,0,1,0,1,0,0,0,0,1,0,0,1,1,1,1,1,1,1,1,0,0,1,0,1,1,0,1,1,0,0,0,0,0,0,1,0,1,1,1,AI Engineer
1,0,0,0,1,0,0,0,0,1,0,0,0,0,0,1,0,0,0,0,0,0,1,0,0,1,0,0,0,1,1,1,1,1,0,0,0,0,0,1,Backend Developer
0,0,1,0,0,1,1,0,0,0,1,1,0,0,0,0,1,0,0,0,0,0,0,0,1,0,0,0,0,0,0,0,0,1,1,0,0,0,0,0,Web Developer
0,0,0,0,0,1,1,1,1,0,0,1,1,0,0,0,1,0,0,0,1,0,1,0,0,0,0,0,0,0,0,0,0,0,0,0,0,0,0,0,Frontend Developer
1,0,0,0,1,0,0,0,0,0,0,0,0,1,0,0,1,0,1,0,1,0,1,0,0,0,0,0,0,1,0,0,0,0,1,1,1,1,0,0,Data Analyst
1,0,0,0,1,0,0,0,0,0,0,0,0,1,0,1,0,0,1,0,1,0,0,0,1,0,0,0,0,1,0,1,0,0,1,1,1,1,0,0,Data Analyst
1,1,1,0,0,1,0,1,1,1,0,1,0,0,0,0,0,0,0,0,0,1,1,1,1,0,0,0,0,0,1,0,1,1,0,0,0,1,1,0,Full Stack Developer
1,0,0,0,0,0,0,1,0,0,0,0,1,1,0,1,0,1,0,0,1,0,1,0,1,0,1,0,1,0,1,0,0,0,0,0,0,1,0,0,ML Engineer
0,1,1,0,0,1,1,0,1,1,0,1,0,0,0,0,1,0,0,0,0,0,1,1,0,0,0,0,0,0,0,0,1,1,0,0,1,0,0,0,Full Stack Developer
0,0,0,1,0,1,0,0,0,0,0,0,1,1,0,0,1,1,0,0,0,0,1,0,1,1,1,0,1,0,1,0,0,0,0,0,0,0,0,0,ML Engineer
1,1,0,0,0,0,1,0,1,0,0,0,1,1,0,1,1,1,0,0,0,0,1,1,1,0,1,0,1,0,1,0,0,0,0,1,0,1,0,1,ML Engineer
1,0,0,1,0,0,0,0,0,0,1,0,1,1,0,1,1,0,1,0,0,0,0,0,1,0,1,1,1,0,0,0,0,1,0,0,0,0,0,0,ML Engineer
0,0,0,0,0,1,1,1,1,0,1,0,0,0,0,0,0,0,0,0,0,0,1,0,0,1,0,0,0,0,1,1,0,1,0,0,0,1,1,0,Web Developer
1,0,0,0,1,0,0,0,0,0,0,0,1,1,0,0,0,0,0,0,1,0,1,0,0,0,1,0,0,0,0,0,0,0,1,1,1,1,0,0,Data Analyst
1,0,0,0,1,0,0,0,0,0,0,0,1,1,1,1,1,1,1,1,1,1,1,0,0,1,0,0,1,1,0,0,0,0,1,0,0,0,1,1,AI Engineer
1,0,0,0,1,0,0,0,0,1,0,0,0,0,0,0,0,0,0,0,0,1,1,0,0,0,0,0,0,1,1,1,1,1,0,0,0,0,0,0,Backend Developer
1,1,0,0,0,1,0,1,0,0,0,0,0,0,0,0,0,0,0,0,0,0,1,0,1,1,1,1,1,0,0,1,0,0,1,1,0,0,0,0,Cloud Engineer
1,0,0,0,0,0,0,0,0,0,0,0,0,0,0,0,0,0,0,0,1,0,1,0,1,1,1,1,1,0,1,0,0,0,1,1,0,0,0,0,Cloud Engineer
0,0,0,1,0,1,1,1,1,0,0,1,0,0,0,0,0,0,0,0,0,0,1,1,0,0,0,0,0,0,0,0,1,1,0,0,0,1,0,0,Full Stack Developer
1,0,0,0,1,0,1,0,0,0,0,0,0,0,0,1,0,0,1,0,0,0,0,1,0,0,1,0,0,0,0,0,0,0,1,1,0,1,0,0,Data Analyst
1,0,0,0,1,1,0,0,0,0,0,0,1,1,0,0,0,1,1,1,1,0,1,0,0,0,0,0,1,0,0,0,0,0,1,1,1,0,0,1,Data Scientist
0,0,0,0,1,0,1,1,0,0,1,1,0,0,0,0,1,1,0,0,0,0,1,0,0,0,0,0,0,0,0,0,0,1,0,0,0,0,1,0,Web Developer
1,0,0,0,1,0,0,0,0,0,1,1,0,0,0,0,0,0,1,0,1,0,1,0,0,0,0,1,0,0,0,1,0,0,1,1,1,1,0,0,Data Analyst
1,0,0,0,1,0,0,0,0,0,0,0,1,1,1,0,0,0,1,0,1,0,0,0,0,0,0,0,0,0,0,1,0,0,0,1,1,1,0,0,Data Analyst
1,0,1,1,1,0,0,0,0,0,0,0,0,0,0,1,0,1,0,1,0,0,1,1,0,0,0,0,1,0,1,0,0,1,0,1,0,0,0,0,Software Engineer
1,1,0,1,1,0,1,1,1,0,0,0,1,0,0,0,0,1,1,1,1,1,1,1,0,0,1,1,0,0,0,0,1,0,1,1,1,1,1,1,Data Scientist
1,0,0,0,0,0,0,1,0,0,0,1,1,1,1,1,1,1,0,0,0,0,1,0,1,0,0,0,1,0,0,0,0,0,0,0,1,0,1,0,ML Engineer
1,1,1,1,1,0,0,0,0,1,1,0,0,1,0,0,0,0,0,0,0,0,1,1,0,0,0,0,1,1,0,1,0,0,0,0,0,0,0,0,Software Engineer
0,0,0,0,1,1,0,0,0,0,0,0,0,0,1,0,0,0,0,0,1,0,1,0,0,1,1,1,1,0,1,0,0,0,0,0,0,0,0,0,Cloud Engineer
0,0,0,0,0,1,1,1,0,0,1,1,0,0,0,1,0,0,0,0,1,0,1,0,0,0,0,0,1,0,0,1,0,1,0,0,1,0,0,1,Web Developer
1,0,0,0,0,1,1,1,1,0,0,1,0,0,1,0,0,0,0,0,0,0,1,0,0,1,0,0,0,0,0,0,0,0,0,0,0,0,0,0,Frontend Developer
1,1,1,1,1,0,0,0,0,0,0,0,0,0,0,0,0,0,1,1,0,0,1,1,0,0,0,0,0,1,0,0,0,0,0,0,0,0,0,0,Software Engineer
1,0,1,0,1,0,0,1,1,0,0,0,0,0,1,0,0,1,0,0,1,0,0,0,0,0,0,0,0,0,0,1,1,1,1,1,1,0,0,0,Data Analyst
1,1,0,0,1,0,0,0,0,0,0,0,0,0,0,0,0,1,1,1,1,0,0,0,0,1,0,0,0,0,0,1,0,0,1,1,1,1,0,1,Data Analyst
1,0,0,0,1,0,0,1,1,0,0,0,1,1,1,1,0,1,1,1,0,1,1,0,1,0,1,0,1,0,0,0,1,0,0,0,0,0,1,1,AI Engineer
1,0,1,1,1,0,0,0,0,1,0,0,1,0,0,0,0,1,1,1,1,1,1,0,0,0,0,0,0,1,0,0,0,0,1,1,1,1,0,0,Data Scientist
1,0,0,0,0,0,1,1,0,0,0,1,0,0,0,0,0,1,0,0,0,0,1,1,1,0,0,0,0,0,0,1,1,0,1,0,0,0,1,1,Frontend Developer
0,0,0,1,0,1,0,1,0,0,1,1,0,0,0,0,1,0,0,0,0,0,1,0,0,0,0,0,0,0,1,0,1,1,0,1,0,1,0,0,Web Developer
1,1,1,1,1,0,0,0,0,0,0,0,0,1,0,0,0,0,0,0,0,0,1,1,0,0,0,0,1,0,0,0,0,0,0,0,1,1,0,0,Software Engineer
1,1,1,1,1,0,0,0,0,0,0,1,0,0,1,0,0,0,0,0,0,0,1,1,0,1,0,0,1,0,0,0,0,1,0,1,0,0,1,0,Software Engineer
0,0,1,0,1,0,0,0,0,0,0,0,0,0,0,0,0,0,1,0,1,0,1,0,0,0,1,0,0,0,0,0,0,1,1,1,1,1,0,0,Data Analyst
0,1,0,0,1,1,1,1,1,0,0,0,0,0,0,1,0,1,1,1,1,1,1,0,0,1,0,0,0,0,1,0,0,0,0,0,0,0,0,0,Frontend Developer
0,0,0,0,0,1,1,1,1,0,1,1,0,0,0,1,0,0,0,0,0,0,1,0,0,0,0,0,0,0,1,0,1,0,0,0,0,0,0,1,Frontend Developer
0,0,0,0,1,1,0,0,0,1,0,0,0,1,0,1,0,0,0,0,0,0,1,0,0,0,0,0,1,0,1,0,1,1,0,0,0,0,0,0,Backend Developer
1,0,0,0,0,0,0,1,0,0,0,0,0,0,0,0,0,0,0,1,0,0,1,0,1,1,1,1,1,0,0,0,0,0,0,0,0,1,0,0,Cloud Engineer
1,0,0,1,0,0,0,0,0,1,0,0,1,0,0,0,1,0,1,1,1,1,1,0,0,0,0,0,0,0,0,1,0,0,1,1,0,1,0,0,Data Scientist
1,0,0,0,0,1,0,0,0,0,0,1,0,0,0,1,0,0,0,0,0,0,1,0,1,1,1,1,1,1,0,0,0,0,0,0,1,0,0,0,Cloud Engineer
0,0,0,0,1,0,1,0,0,0,0,0,1,0,0,0,0,1,1,1,1,1,1,1,0,0,0,1,0,0,0,0,0,0,1,1,1,1,1,1,Data Scientist
1,0,1,0,0,0,0,0,0,0,0,1,0,0,0,0,0,0,0,0,1,1,1,0,1,1,1,0,1,0,0,0,0,1,0,0,0,0,0,0,Cloud Engineer
1,0,0,0,1,0,0,0,1,1,1,0,0,1,0,0,0,0,1,0,1,0,0,0,0,0,0,1,0,0,0,0,0,0,1,1,1,1,0,0,Data Analyst
1,0,0,0,1,0,0,0,1,0,0,1,0,0,1,0,0,0,0,1,0,0,1,0,1,0,0,0,0,1,1,1,1,1,0,0,0,0,0,0,Backend Developer
1,1,0,0,1,0,0,1,0,0,0,0,0,0,0,0,0,0,1,0,0,0,0,0,0,0,0,0,1,1,0,0,0,1,1,1,1,1,0,0,Data Analyst
0,1,0,0,0,0,1,1,0,0,1,0,0,0,0,0,0,0,0,0,1,0,1,0,1,0,1,1,1,0,1,0,0,0,0,0,0,0,0,0,Cloud Engineer
0,0,0,0,0,1,0,1,0,1,1,1,0,0,0,0,0,1,0,0,0,1,1,1,0,0,1,0,0,0,0,0,0,1,0,0,1,0,0,0,Web Developer
0,1,0,0,1,1,1,1,1,1,0,0,0,0,1,0,0,0,1,0,0,0,1,0,0,1,0,0,1,0,1,0,1,0,0,0,1,0,0,1,Frontend Developer
1,0,0,0,1,0,0,0,0,1,0,0,0,0,0,0,0,0,0,1,1,0,0,0,0,1,1,0,0,1,1,1,1,1,0,0,0,0,0,0,Backend Developer
0,0,1,0,0,1,1,1,1,0,0,1,1,0,0,0,1,0,0,0,0,0,1,0,0,1,1,0,0,1,0,0,0,0,0,1,0,0,0,0,Frontend Developer
1,1,1,1,1,0,0,0,0,0,0,0,1,0,0,0,0,0,0,0,0,0,0,1,0,0,0,0,1,0,1,0,0,0,0,0,0,1,0,0,Software Engineer
1,0,0,0,1,0,0,0,0,0,1,0,1,1,1,0,1,1,1,1,0,0,1,0,1,0,1,0,1,0,0,0,0,1,0,0,0,0,1,0,AI Engineer
1,0,0,0,0,0,0,0,0,0,0,0,0,0,0,0,0,0,0,0,1,0,1,0,1,1,1,0,1,0,0,0,0,0,0,1,0,0,0,0,Cloud Engineer
1,0,1,1,0,1,1,0,0,1,0,0,0,0,0,1,0,0,0,0,1,1,1,0,1,1,1,1,1,0,0,1,1,0,1,0,0,1,0,0,Cloud Engineer
1,0,0,0,1,0,0,1,0,1,1,0,0,0,1,0,0,0,0,0,0,0,1,0,0,0,0,0,1,0,1,0,1,1,1,1,0,1,0,0,Backend Developer
1,0,0,0,1,0,0,1,0,1,0,0,0,0,0,0,0,1,0,0,0,0,1,0,0,0,1,0,0,1,1,1,1,1,0,0,0,0,1,1,Backend Developer
0,0,0,1,0,1,1,0,1,0,0,1,1,0,1,0,0,0,1,1,0,0,1,0,1,1,0,1,0,0,0,0,1,0,0,0,0,0,0,1,Frontend Developer
1,0,1,0,1,1,0,0,0,0,0,0,1,0,0,0,0,1,0,1,1,1,1,0,0,0,0,0,0,0,0,0,0,0,1,1,1,1,0,0,Data Scientist
1,0,1,0,1,0,0,0,0,0,1,0,1,0,1,1,1,1,0,1,0,0,1,0,1,1,0,0,1,0,0,0,1,0,0,0,1,0,1,1,AI Engineer
0,0,0,0,1,0,0,0,0,0,0,0,1,1,0,0,0,1,1,1,1,0,1,0,0,0,1,1,0,0,0,0,0,0,1,1,1,1,0,0,Data Scientist
1,0,0,0,1,0,0,1,1,0,1,0,1,0,0,1,0,1,0,1,1,1,1,0,0,0,0,0,0,0,1,0,0,0,1,1,1,1,1,0,Data Scientist
0,0,1,0,0,0,0,0,0,0,0,0,0,0,0,1,0,0,0,0,1,0,1,0,1,1,1,1,1,0,0,0,0,1,1,0,0,0,0,0,Cloud Engineer
0,1,0,0,0,1,1,0,1,1,0,0,0,0,0,0,0,0,0,0,0,1,1,1,0,0,0,1,0,0,0,0,1,1,0,0,0,0,0,0,Full Stack Developer
1,0,0,0,1,0,0,0,0,0,0,1,0,1,0,0,0,0,1,0,1,0,0,0,0,1,0,0,0,0,0,0,0,0,1,1,1,0,0,0,Data Analyst
1,1,0,1,1,0,0,0,0,0,0,0,1,0,0,1,0,0,1,1,1,0,1,0,0,0,0,0,0,0,0,0,0,0,1,0,1,1,0,0,Data Scientist
1,0,0,0,0,0,0,0,0,0,0,0,1,0,0,0,0,0,0,1,0,0,1,0,1,1,1,1,0,0,1,0,0,0,1,0,0,1,0,0,Cloud Engineer
0,0,0,0,0,0,0,0,0,0,0,0,1,1,1,1,0,1,1,0,1,1,1,0,1,0,0,0,1,0,0,0,0,0,0,0,0,0,0,0,ML Engineer
1,0,0,1,0,0,0,0,1,0,0,1,1,1,0,1,1,1,0,1,1,1,1,1,1,0,1,0,1,0,0,0,0,0,0,0,0,0,0,1,ML Engineer
1,0,0,0,1,0,0,0,0,0,0,0,0,0,1,0,1,0,1,0,1,0,0,0,1,0,0,0,0,1,0,0,0,1,1,1,1,1,0,0,Data Analyst
1,0,0,0,0,0,0,0,0,0,0,0,0,0,0,1,0,1,0,1,0,0,1,0,1,1,1,1,1,0,1,0,1,0,0,0,1,0,0,0,Cloud Engineer
0,0,0,0,0,1,1,1,1,1,0,1,0,0,1,1,1,1,0,0,0,0,1,0,0,0,0,0,0,0,0,1,0,1,0,0,0,0,0,1,Full Stack Developer
1,0,1,0,0,1,1,1,0,0,1,1,0,0,0,1,0,0,0,0,0,0,1,0,1,0,0,0,0,0,0,0,0,1,0,0,0,0,0,0,Web Developer
0,0,0,0,1,0,0,0,0,0,0,0,1,1,0,0,0,1,1,1,1,1,1,0,1,0,0,0,0,1,0,1,0,0,1,1,1,1,0,0,Data Scientist
1,1,0,1,1,0,0,0,0,1,0,0,0,0,0,0,0,0,0,0,0,0,1,1,0,0,0,0,0,1,1,1,1,1,0,0,0,0,1,0,Backend Developer
1,0,1,0,1,1,0,0,1,1,0,0,1,0,0,0,1,1,1,1,1,1,1,0,0,0,0,0,0,0,0,0,0,0,1,1,1,1,0,0,Data Scientist
0,0,0,0,0,1,1,0,1,0,0,1,0,0,0,0,0,0,0,0,0,0,1,1,0,0,0,0,0,0,0,0,0,0,0,0,0,0,0,0,Frontend Developer
0,1,0,0,0,1,1,1,1,1,0,1,1,0,0,0,0,0,0,0,1,0,1,0,0,1,0,0,0,0,0,0,1,0,0,0,0,0,0,1,Full Stack Developer
1,1,1,1,1,0,0,0,0,0,1,0,0,0,0,0,0,0,0,0,0,1,1,1,1,0,0,0,1,0,0,0,1,0,1,0,0,0,0,0,Software Engineer
1,0,0,0,1,0,0,0,1,0,0,0,1,0,1,0,0,1,1,1,1,1,0,1,0,0,1,1,0,1,1,0,0,0,1,1,1,1,0,0,Data Scientist
1,0,0,0,1,1,1,1,0,0,0,0,0,0,0,1,0,0,0,0,0,0,1,1,1,1,1,1,1,0,0,0,0,0,1,0,0,1,0,0,Cloud Engineer
1,0,0,0,0,0,0,0,0,0,1,0,0,0,1,0,0,0,0,0,0,0,1,0,1,1,1,1,1,1,1,0,0,0,0,0,0,0,0,0,Cloud Engineer
1,1,1,1,0,0,1,0,1,0,0,0,0,1,0,1,0,1,0,0,0,0,1,1,0,0,0,0,1,1,0,1,1,1,1,0,0,0,0,0,Software Engineer
1,0,0,0,0,0,0,1,1,0,0,1,1,0,0,1,0,0,0,0,0,0,1,0,1,1,0,1,1,0,0,0,0,1,0,1,0,0,0,1,Cloud Engineer
0,0,0,1,0,1,1,1,0,1,0,1,0,0,0,0,0,1,0,0,0,0,1,1,0,1,0,0,0,0,0,0,0,0,1,0,0,0,0,0,Frontend Developer
1,1,0,0,1,0,1,0,0,0,0,0,1,1,1,1,1,1,1,1,0,0,1,0,1,1,1,0,1,0,0,0,0,0,0,1,1,0,1,1,AI Engineer
0,0,0,0,0,1,1,1,1,0,0,1,0,0,0,0,1,0,0,0,0,0,1,0,0,1,0,0,0,0,1,0,0,0,0,0,1,0,0,1,Frontend Developer
1,1,0,0,1,1,0,0,0,1,0,0,0,0,0,0,0,0,0,0,0,0,1,1,1,0,0,0,0,0,1,1,1,1,0,0,0,0,1,1,Backend Developer
1,0,0,0,0,1,1,1,1,1,0,1,0,0,0,0,0,0,0,0,0,0,1,1,0,0,0,0,1,0,0,0,1,1,0,1,0,1,1,1,Full Stack Developer
1,0,1,0,1,0,0,0,0,0,0,0,0,0,1,0,0,0,0,0,0,0,1,0,1,1,1,1,1,0,0,0,0,0,1,0,0,1,0,0,Cloud Engineer
1,0,0,0,0,0,0,0,0,0,0,0,0,0,0,0,0,0,0,1,0,0,1,0,1,1,1,1,0,0,0,0,0,0,0,0,0,0,0,1,Cloud Engineer
1,0,0,0,0,0,0,0,1,0,0,0,0,1,0,0,0,1,0,0,0,0,1,0,1,1,1,1,1,0,0,1,1,0,0,0,1,0,0,0,Cloud Engineer
1,0,0,0,0,1,1,1,1,0,1,0,0,0,0,0,0,0,0,0,0,0,1,0,0,1,0,0,0,0,0,0,0,0,0,0,1,0,0,0,Frontend Developer
1,0,0,0,1,0,0,0,0,1,0,0,0,0,0,0,0,0,0,0,0,1,1,0,1,0,0,0,0,1,1,1,1,1,0,0,0,0,0,0,Backend Developer
1,0,1,0,0,0,0,0,0,0,0,1,1,1,0,1,1,1,0,0,0,0,1,0,0,0,0,0,1,0,0,0,1,0,1,1,0,0,0,0,ML Engineer
1,0,0,1,0,1,0,0,0,0,0,0,1,1,0,1,1,1,0,0,0,0,1,0,1,0,1,0,1,0,0,0,0,0,0,0,0,0,0,0,ML Engineer
1,0,1,0,1,0,0,0,1,0,0,0,1,0,0,0,0,1,1,1,1,1,1,0,1,0,0,0,0,0,1,0,0,1,1,0,1,1,0,0,Data Scientist
0,0,0,0,0,1,1,1,1,0,0,0,0,0,0,0,1,1,0,1,0,0,1,0,0,0,0,0,1,0,0,1,0,0,1,1,0,0,0,1,Frontend Developer
1,0,0,0,0,0,0,0,0,1,0,0,0,0,0,0,1,0,0,0,0,0,1,1,1,1,1,1,1,0,0,0,0,0,0,0,0,0,0,1,Cloud Engineer
1,0,0,1,0,0,0,0,0,1,0,0,1,1,1,1,1,1,0,0,0,0,1,0,1,0,1,0,1,0,0,0,1,1,1,0,1,0,0,1,ML Engineer
1,0,0,1,1,0,1,1,0,1,0,0,0,0,0,0,0,0,0,0,0,0,1,0,0,0,0,0,0,1,1,1,1,1,0,1,0,0,1,0,Backend Developer
1,0,0,0,1,0,0,0,0,0,0,0,1,0,0,0,0,1,1,1,1,1,1,1,0,0,0,0,0,0,0,0,0,0,1,1,1,0,1,0,Data Scientist
1,0,1,1,0,1,0,0,0,0,0,0,1,1,0,1,1,1,1,0,0,0,1,0,1,0,1,0,1,1,0,0,0,0,0,0,0,0,0,0,ML Engineer
1,1,1,1,1,0,1,0,1,0,0,0,0,1,0,0,1,0,0,0,0,0,1,0,0,0,0,0,1,0,0,1,1,0,0,0,0,1,0,0,Software Engineer
1,0,0,0,1,0,0,0,0,0,0,0,1,0,1,1,1,1,1,1,1,0,1,1,1,0,1,0,1,0,0,0,0,0,0,1,0,0,1,0,AI Engineer
1,1,0,0,1,0,0,0,0,0,1,0,1,0,0,0,0,1,1,1,1,1,1,0,0,0,0,0,0,0,0,0,0,0,1,1,1,1,1,0,Data Scientist
1,0,0,0,1,0,0,0,0,1,0,0,0,0,0,0,0,0,0,0,0,0,1,0,0,0,1,0,0,1,1,1,0,1,0,0,0,0,0,0,Backend Developer
1,0,0,0,1,0,0,0,0,0,0,0,0,0,0,0,0,0,1,0,0,0,0,0,0,0,0,1,0,0,0,0,0,0,1,1,1,1,0,0,Data Analyst
1,0,0,0,1,0,0,1,0,1,0,0,1,0,0,0,0,0,1,1,0,1,1,0,0,0,0,0,0,0,0,1,0,0,1,1,1,1,0,0,Data Scientist
1,1,0,0,1,0,0,0,0,0,0,1,0,0,0,0,0,1,1,1,1,1,1,1,0,0,0,0,0,0,0,0,0,0,1,1,1,1,0,0,Data Scientist
0,0,1,0,0,1,1,1,1,0,0,1,0,0,0,0,0,1,0,0,1,0,1,0,0,0,1,0,0,0,0,0,1,1,0,0,0,0,0,1,Frontend Developer
1,0,0,0,0,0,0,0,0,0,0,1,1,1,0,1,1,1,0,1,0,0,1,1,0,0,1,0,1,0,1,0,0,0,0,0,0,0,0,0,ML Engineer
1,0,0,0,1,0,0,0,1,1,0,0,0,0,0,0,1,0,0,0,0,0,1,0,0,0,0,0,0,1,1,1,1,1,0,0,0,0,0,0,Backend Developer
0,0,0,0,1,0,0,0,0,0,1,0,0,0,0,0,1,0,1,0,1,0,1,0,0,1,0,0,0,0,0,0,0,0,1,1,1,1,0,0,Data Analyst
1,0,0,0,1,0,0,0,0,0,0,0,1,0,1,0,0,1,1,1,1,1,1,0,1,0,0,0,1,0,0,1,0,0,1,1,0,1,0,0,Data Scientist
1,0,0,0,1,0,0,0,0,1,0,0,0,0,0,0,0,0,0,0,1,0,1,0,0,0,0,1,1,1,1,0,1,1,0,0,0,1,0,0,Backend Developer
1,0,0,1,0,0,0,1,0,0,0,0,0,1,0,0,0,0,0,0,0,1,1,0,1,1,1,1,1,0,0,0,0,0,0,0,0,1,1,0,Cloud Engineer
1,0,0,0,0,0,0,0,0,0,0,0,1,1,1,1,1,1,1,1,0,0,1,0,1,0,0,0,1,0,0,0,0,0,0,0,0,0,1,0,AI Engineer
0,0,0,0,0,1,1,1,1,0,1,1,0,0,0,0,0,1,0,0,0,0,0,0,0,1,0,0,0,0,0,0,0,0,0,0,0,0,0,0,Frontend Developer
1,0,0,1,1,0,0,0,0,1,0,1,0,1,0,0,0,1,0,0,0,1,1,0,0,0,0,0,1,0,0,0,0,0,0,0,0,0,0,0,Software Engineer
1,0,0,0,0,0,0,0,0,0,0,0,1,0,0,0,0,0,0,0,0,0,1,0,1,1,1,1,1,0,0,0,0,0,0,0,0,0,0,0,Cloud Engineer
1,0,0,0,1,0,1,0,0,1,0,0,0,0,0,0,0,0,0,0,0,1,1,0,0,0,0,0,0,1,1,1,1,1,0,1,0,0,0,0,Backend Developer
0,0,0,0,0,1,1,0,0,1,1,1,0,0,0,0,0,1,0,0,0,0,1,0,0,0,0,0,0,0,0,0,1,1,0,0,0,0,0,0,Web Developer
1,1,1,1,1,0,0,0,1,1,0,0,0,1,0,0,0,1,0,1,0,0,1,1,0,0,0,0,0,0,0,0,0,1,0,0,0,0,0,0,Software Engineer
0,0,0,0,0,1,1,1,1,1,0,1,0,0,0,0,1,0,0,0,0,0,1,1,0,0,0,0,0,0,0,1,1,1,0,0,1,1,0,1,Full Stack Developer
0,0,0,0,0,1,0,1,1,0,0,1,0,1,0,0,0,1,0,0,0,0,1,0,0,0,0,0,0,0,0,0,0,0,0,1,0,0,0,0,Frontend Developer
1,0,0,0,1,0,0,0,0,0,0,1,1,1,1,0,1,1,1,1,0,0,1,0,1,0,1,0,1,0,0,0,0,0,0,0,0,0,1,1,AI Engineer
1,1,0,0,1,0,0,1,1,1,0,0,1,0,0,0,0,1,1,1,1,1,1,0,0,0,0,0,0,0,1,0,0,0,1,1,0,1,1,0,Data Scientist
1,0,1,0,1,1,1,0,0,1,0,0,0,0,0,0,0,0,1,0,1,0,0,0,0,1,0,0,1,0,0,1,1,0,1,1,1,1,0,0,Data Analyst
1,0,0,0,1,0,0,0,0,0,0,0,0,0,0,1,0,0,1,0,1,1,0,1,0,0,1,0,1,0,0,0,0,0,0,1,1,1,0,1,Data Analyst
1,1,1,1,1,0,0,1,0,0,0,0,0,0,0,0,0,0,0,0,0,0,1,1,1,0,0,0,1,0,0,0,0,0,1,0,0,0,0,0,Software Engineer
1,0,1,0,1,0,0,0,0,0,0,0,1,1,0,0,0,1,1,0,1,1,1,0,1,1,0,1,0,0,0,0,1,0,1,1,0,0,0,0,Data Scientist
1,0,1,0,1,0,0,0,0,0,1,0,1,1,1,1,1,1,0,1,0,0,1,0,1,0,0,0,1,0,1,1,0,0,0,0,0,1,1,1,AI Engineer
1,0,0,0,0,1,1,0,0,1,1,0,0,0,0,0,0,0,1,0,0,0,1,1,1,1,1,1,0,0,0,0,0,0,0,1,0,0,0,0,Cloud Engineer
0,0,0,1,0,0,1,1,1,0,0,1,0,0,0,0,0,0,0,0,0,0,1,1,0,0,0,0,0,0,0,0,0,0,0,0,0,0,1,0,Frontend Developer
1,0,0,0,0,0,0,1,0,0,0,0,0,0,0,0,1,0,0,0,0,0,1,0,1,1,1,1,1,0,0,0,0,0,0,0,1,0,1,0,Cloud Engineer
0,0,0,0,0,1,1,1,0,0,1,0,0,0,0,0,0,0,0,0,1,0,0,0,0,1,0,0,0,0,0,0,0,1,0,0,0,0,0,0,Web Developer
1,0,0,1,0,1,0,0,0,0,0,1,1,0,1,1,1,1,1,1,0,1,1,0,1,0,0,0,1,0,0,0,0,0,0,0,1,0,1,1,AI Engineer
1,0,0,0,1,0,0,0,0,0,0,1,1,0,0,0,0,1,1,1,1,1,1,0,0,0,0,0,0,0,0,0,0,0,1,1,0,1,0,0,Data Scientist
1,0,0,0,0,0,1,0,0,0,0,0,1,0,0,0,0,0,0,0,0,0,1,0,0,1,1,1,0,0,1,0,0,0,1,0,0,0,0,0,Cloud Engineer
1,0,0,0,1,0,1,0,0,0,1,1,0,0,0,0,0,0,0,1,0,0,1,0,1,1,1,1,1,0,0,0,0,0,0,0,0,0,0,0,Cloud Engineer
0,0,0,1,0,1,1,0,1,1,0,1,1,0,0,0,1,0,0,0,0,0,1,1,0,1,0,0,0,1,0,0,1,1,0,0,0,0,1,0,Full Stack Developer
0,0,0,0,0,1,1,1,1,0,0,1,0,0,0,0,0,0,0,0,0,0,0,0,0,0,0,0,0,0,0,0,0,1,0,0,0,0,0,0,Frontend Developer
1,0,0,0,1,0,0,0,1,1,0,0,1,0,1,1,0,1,0,1,0,0,1,0,0,0,0,0,0,1,1,1,1,1,0,0,0,0,1,0,Backend Developer
0,0,0,0,0,1,1,1,1,1,0,1,0,1,1,0,1,0,0,0,1,0,1,1,1,1,0,0,0,0,1,0,1,1,0,0,0,0,0,0,Full Stack Developer
1,1,1,0,1,0,0,0,0,1,0,0,0,0,0,0,1,0,1,0,0,0,1,1,0,0,0,0,1,0,0,0,0,0,0,0,0,0,0,0,Software Engineer
1,0,0,0,1,0,0,0,0,0,0,0,0,0,0,0,0,0,0,0,0,1,0,0,0,0,0,0,0,0,0,0,0,0,1,1,1,1,0,0,Data Analyst
1,0,1,1,1,1,0,0,0,0,0,0,1,1,0,1,1,1,1,1,1,0,0,0,1,0,0,0,1,0,0,0,0,0,0,1,0,0,1,1,AI Engineer
1,0,0,0,1,0,0,0,1,1,0,0,0,1,0,0,0,0,0,1,0,0,1,0,0,0,0,0,0,1,1,1,0,1,0,0,0,0,1,0,Backend Developer
1,0,0,0,0,1,0,0,0,1,0,1,0,1,0,1,1,0,0,1,0,0,1,0,1,0,1,0,0,0,0,0,0,0,0,1,0,0,0,1,ML Engineer
1,1,1,0,0,0,0,0,1,1,0,0,1,1,0,1,1,1,0,1,1,0,1,0,1,1,0,1,1,0,1,1,0,0,0,0,0,0,0,0,ML Engineer
1,1,0,1,1,0,1,0,0,0,0,1,0,0,0,0,0,0,1,0,1,0,0,0,0,0,0,0,0,1,1,0,0,0,1,1,1,1,1,0,Data Analyst
1,0,0,0,1,0,0,0,0,0,0,0,1,0,0,0,0,1,1,1,1,1,1,0,0,0,0,0,0,0,0,0,0,0,1,1,1,1,0,0,Data Scientist
1,0,1,0,1,0,1,0,0,0,0,0,1,1,0,0,1,0,1,0,1,0,1,0,1,0,1,0,1,0,0,0,0,0,1,1,0,0,0,0,ML Engineer
0,0,1,0,0,0,1,0,0,0,0,1,0,0,0,0,0,0,0,0,0,0,1,0,0,0,0,0,0,0,1,0,0,0,0,0,0,1,0,0,Frontend Developer
0,0,0,0,0,1,1,1,1,1,0,1,0,0,0,0,0,0,0,0,1,0,1,1,0,0,0,0,0,0,0,1,1,1,0,0,0,0,0,0,Full Stack Developer
0,1,0,0,0,1,1,1,0,1,1,1,0,0,0,0,0,0,0,0,0,1,1,0,0,0,1,0,1,1,1,0,0,0,0,0,0,0,0,0,Web Developer
0,1,0,0,0,1,1,1,0,0,1,1,1,0,1,0,0,0,1,0,0,0,1,0,0,0,0,0,0,1,0,0,1,1,1,0,0,0,1,0,Web Developer
1,0,0,0,0,0,0,0,0,0,0,0,0,0,0,1,0,1,0,0,0,0,1,1,1,1,1,1,1,0,0,0,0,0,0,1,0,0,0,0,Cloud Engineer
1,1,0,0,0,0,0,0,0,0,0,0,0,0,0,0,0,0,0,0,0,0,0,0,1,1,1,1,1,0,0,0,0,1,0,1,0,0,0,0,Cloud Engineer
1,1,0,1,1,0,0,1,0,0,0,0,0,1,0,1,0,0,0,0,1,0,1,1,1,0,0,0,1,0,0,0,0,0,0,0,0,0,0,1,Software Engineer
1,0,0,0,1,0,1,0,0,0,0,0,0,0,0,1,0,0,1,0,1,0,0,0,0,0,0,0,0,0,0,0,0,0,1,1,1,1,0,0,Data Analyst
1,0,0,0,0,1,0,0,0,1,0,1,1,1,1,1,0,1,0,0,0,0,1,0,1,0,1,0,1,0,0,0,0,0,0,0,0,0,0,0,ML Engineer
1,0,0,0,0,0,0,0,0,0,0,1,0,0,0,0,1,0,1,0,0,1,1,0,1,1,1,0,1,0,0,0,0,0,0,0,0,0,0,0,Cloud Engineer
1,0,0,0,1,1,0,0,0,0,1,0,0,0,0,0,0,0,1,0,1,0,0,0,1,1,0,0,0,0,0,0,0,0,0,1,1,1,0,0,Data Analyst
0,0,0,0,1,1,1,1,0,1,1,1,0,0,1,0,0,0,0,0,0,0,0,1,1,0,0,0,0,0,0,1,0,1,0,1,0,0,0,0,Web Developer
1,0,0,0,1,0,0,1,1,1,0,0,1,0,0,0,0,1,1,1,1,1,1,0,0,0,0,1,0,0,0,0,0,0,1,1,1,1,0,0,Data Scientist
1,0,0,0,1,1,0,0,1,0,0,0,1,1,0,1,1,1,1,0,0,0,1,0,0,0,1,0,1,1,0,0,0,0,0,0,0,0,0,0,ML Engineer
1,0,0,0,1,1,0,0,0,0,0,0,1,0,1,1,1,1,1,1,0,0,1,0,1,0,0,0,1,0,1,0,0,0,0,0,0,0,1,1,AI Engineer
0,0,0,0,0,1,1,1,1,1,0,1,0,0,0,0,0,0,1,0,0,0,1,1,0,0,0,0,0,0,0,0,1,1,1,1,0,0,0,1,Full Stack Developer
0,0,0,0,0,1,1,1,1,0,0,1,0,1,0,0,0,1,0,0,0,0,1,0,0,0,0,0,1,0,0,0,1,1,0,0,0,0,0,0,Full Stack Developer
1,0,0,0,0,0,1,0,0,0,0,0,1,0,0,0,0,0,0,0,1,0,1,0,1,1,1,1,1,0,0,0,0,0,1,0,0,0,0,0,Cloud Engineer
0,0,0,0,0,1,1,1,1,0,0,1,0,0,0,0,0,0,0,1,0,0,1,0,0,0,0,0,0,0,0,1,0,0,0,0,0,0,0,0,Frontend Developer
1,0,1,0,1,0,0,0,0,0,0,0,0,1,1,0,0,0,1,0,1,0,0,0,0,0,0,0,0,0,0,0,1,0,1,1,1,1,0,0,Data Analyst
0,0,0,0,0,1,1,1,0,0,1,1,0,0,0,0,0,0,0,0,0,0,1,0,0,0,1,0,1,0,0,0,0,1,0,0,0,0,0,0,Web Developer
1,0,0,0,1,0,0,0,0,0,0,0,0,0,0,0,0,0,1,0,1,1,0,0,0,0,0,0,1,0,0,0,0,0,1,1,1,1,0,0,Data Analyst
1,1,0,0,1,0,0,0,0,0,0,0,1,0,0,0,0,0,1,1,1,1,1,0,1,0,0,0,0,0,1,0,1,0,1,1,1,1,0,0,Data Scientist
0,0,0,0,1,0,0,1,0,0,0,0,1,1,1,1,0,1,1,1,1,1,0,0,0,0,1,0,0,0,0,0,0,1,1,1,1,1,0,0,Data Scientist
0,0,0,0,0,1,1,1,1,1,0,1,0,0,1,0,0,0,0,0,0,0,1,1,1,1,0,0,0,0,0,0,1,1,0,0,0,0,0,0,Full Stack Developer
1,0,1,0,1,0,0,0,0,0,0,0,0,0,0,0,0,1,1,1,1,1,1,1,1,0,0,0,0,0,0,0,0,1,1,1,1,1,0,0,Data Scientist
0,1,0,0,1,0,1,1,1,0,0,1,0,0,0,0,0,1,0,1,0,0,1,0,0,0,0,0,0,0,0,0,0,0,0,0,0,0,0,0,Frontend Developer
0,0,0,0,1,1,1,1,0,1,0,1,0,0,0,0,0,0,0,0,0,0,1,1,0,0,0,0,1,0,0,0,1,1,0,0,0,0,0,0,Full Stack Developer
1,0,0,0,1,0,0,0,1,1,0,1,1,0,0,0,0,0,1,1,0,0,1,0,1,0,0,0,1,1,1,1,1,1,0,0,0,0,0,0,Backend Developer
1,0,0,0,1,1,0,0,0,0,0,0,0,0,1,1,1,1,1,1,0,1,1,0,1,0,0,1,0,0,0,0,0,0,0,0,0,0,1,0,AI Engineer
0,0,0,0,0,1,1,1,0,1,0,1,0,1,0,0,0,0,1,0,0,0,1,1,0,0,0,0,0,0,0,0,1,1,0,1,0,0,1,0,Full Stack Developer
0,1,0,1,0,1,1,1,1,1,1,1,0,0,0,0,0,0,0,0,0,0,1,1,0,0,0,0,0,0,0,0,1,1,0,0,0,0,0,0,Full Stack Developer
0,0,0,0,1,0,0,0,0,0,1,0,1,1,0,0,0,1,1,1,1,1,1,0,0,0,0,0,0,0,1,0,0,0,1,1,1,1,1,0,Data Scientist
1,0,0,0,0,0,0,0,0,0,0,1,1,1,1,1,1,1,1,1,0,0,1,1,1,0,1,1,1,0,0,0,1,0,0,0,0,0,0,1,ML Engineer
1,1,0,0,1,0,1,1,0,1,1,0,0,0,0,0,0,0,0,1,0,0,1,0,0,1,0,0,0,0,1,1,0,1,0,0,0,0,0,0,Backend Developer
1,0,0,0,1,1,0,0,0,0,0,0,1,1,1,1,1,1,1,1,0,0,1,0,1,0,0,0,1,1,0,0,0,1,1,0,1,0,1,1,AI Engineer
1,0,0,0,0,1,1,1,0,0,1,1,0,0,0,0,0,0,0,0,0,0,1,0,0,0,0,1,0,0,0,0,0,1,1,0,0,0,0,0,Web Developer
0,0,0,0,1,1,1,1,0,0,1,1,0,0,0,1,0,0,0,0,1,0,1,0,0,0,0,0,0,0,0,0,0,0,1,0,0,0,0,0,Web Developer
1,0,0,0,1,0,0,0,0,0,0,0,1,1,1,1,1,1,1,1,0,0,0,1,1,0,1,0,1,0,0,0,1,0,0,0,0,0,1,1,AI Engineer
0,0,0,0,1,0,1,0,0,1,0,0,1,0,1,1,1,1,1,1,0,0,0,0,1,1,0,0,1,1,0,0,0,0,0,0,0,0,1,1,AI Engineer
1,1,0,0,0,0,1,0,0,1,0,0,1,1,0,1,1,1,0,0,0,0,1,0,1,0,1,0,1,0,0,0,0,0,0,0,0,0,0,0,ML Engineer
0,0,0,0,1,0,0,0,0,0,0,0,0,0,0,1,0,0,1,0,1,1,0,0,0,0,0,1,0,0,0,0,1,0,1,1,1,0,0,0,Data Analyst
1,0,0,0,1,0,1,0,0,0,0,0,1,0,0,0,1,1,1,1,1,1,1,0,1,0,0,0,0,0,0,1,0,0,1,1,1,1,0,0,Data Scientist
1,1,0,0,1,1,0,0,1,0,0,0,0,1,0,0,0,0,0,0,1,0,1,0,1,1,1,1,1,1,1,0,0,0,0,1,0,0,1,0,Cloud Engineer
1,1,0,0,1,0,0,0,0,0,1,0,1,1,0,0,0,1,1,1,1,1,1,0,0,0,1,0,1,1,0,0,1,0,1,1,1,1,0,0,Data Scientist
0,0,0,0,0,1,1,1,0,1,1,1,0,0,0,0,0,0,0,0,0,0,1,0,0,0,0,0,1,0,0,0,0,1,0,0,0,0,1,0,Web Developer
1,1,1,1,1,0,0,0,0,0,0,0,0,0,0,0,1,0,1,0,0,0,1,1,0,1,0,0,1,0,0,0,0,0,0,0,0,0,0,0,Software Engineer
1,0,0,0,1,1,1,0,0,0,0,0,0,0,0,0,0,0,1,0,1,0,0,0,0,0,0,0,0,0,0,0,0,0,1,1,1,1,0,0,Data Analyst
1,0,0,0,1,0,1,0,0,0,0,0,1,1,0,0,0,1,1,1,0,0,1,1,1,0,0,0,1,1,0,0,0,0,1,1,0,0,1,1,AI Engineer
1,1,1,1,1,0,1,0,0,0,0,0,0,0,0,0,0,0,0,0,0,0,1,1,1,1,0,1,1,0,0,0,0,0,0,1,0,1,0,0,Software Engineer
0,0,0,0,0,1,1,1,1,0,1,1,0,0,0,1,0,0,0,0,1,0,1,1,0,0,0,0,0,0,0,0,1,1,0,0,0,1,0,0,Frontend Developer
1,1,0,0,1,0,0,0,1,0,0,0,1,1,1,1,1,1,1,1,0,0,1,0,1,0,0,0,1,0,0,0,0,0,0,0,0,1,1,1,AI Engineer
0,0,0,0,0,1,1,1,1,1,0,1,0,0,1,0,1,0,0,0,0,0,1,1,0,0,0,0,0,0,0,0,0,1,0,0,0,0,1,0,Full Stack Developer
0,0,0,0,1,1,1,1,1,1,0,1,0,0,0,0,0,0,0,0,0,1,1,1,0,0,0,0,1,0,0,0,0,1,0,0,0,0,0,0,Full Stack Developer
0,0,0,0,0,1,1,1,1,1,0,0,0,0,1,0,0,0,1,0,0,0,1,1,0,0,1,0,1,0,1,0,1,1,0,0,0,0,0,0,Full Stack Developer
1,0,0,0,0,0,0,0,1,0,0,0,1,1,1,1,1,1,0,0,0,0,1,1,1,0,1,0,1,0,0,0,1,0,0,0,0,0,0,0,ML Engineer
1,0,0,0,0,0,0,0,0,0,1,0,1,1,0,1,0,1,0,0,0,0,1,0,1,0,1,0,1,0,0,1,0,0,1,0,0,0,1,0,ML Engineer
0,0,0,0,0,1,1,1,0,1,0,1,0,0,0,0,1,0,0,0,0,0,1,1,0,0,0,0,0,0,0,0,1,1,0,0,1,0,0,0,Full Stack Developer
1,0,0,0,1,0,1,0,1,0,0,0,1,1,1,1,1,1,1,1,0,0,1,0,1,0,0,0,1,0,0,1,0,0,0,0,0,0,0,1,AI Engineer
1,0,0,1,1,0,0,0,0,0,0,1,0,0,1,0,1,0,1,0,1,0,0,0,0,0,1,0,0,0,0,0,0,0,1,1,1,1,0,0,Data Analyst
1,0,0,0,0,1,1,0,0,0,1,1,1,0,0,0,0,0,0,0,0,0,1,0,0,0,1,0,0,0,1,0,0,1,0,0,0,0,1,0,Web Developer
1,0,0,0,1,0,0,1,0,0,0,0,1,1,1,1,1,1,1,1,0,0,1,0,0,0,0,0,1,0,0,0,0,0,0,1,0,0,1,0,AI Engineer
1,0,0,0,0,0,0,0,0,0,0,0,1,1,0,1,0,1,0,0,0,0,1,0,1,0,1,0,1,0,0,0,1,0,0,0,0,0,1,0,ML Engineer
0,0,0,0,0,1,1,1,0,0,1,1,1,0,0,0,0,0,0,0,0,0,1,0,0,0,1,0,0,1,0,0,0,1,1,0,0,0,0,0,Web Developer
1,0,0,0,1,1,0,0,0,0,0,0,0,0,0,0,0,0,0,0,1,0,0,0,0,0,1,0,0,0,0,0,0,0,1,1,1,1,0,0,Data Analyst
1,0,0,0,0,0,0,1,0,0,1,0,0,0,0,0,0,1,0,0,0,0,1,1,1,1,1,1,1,0,0,1,0,0,0,0,0,0,0,0,Cloud Engineer
1,1,1,1,1,0,0,1,0,0,0,0,0,0,1,0,0,0,0,1,1,0,1,1,0,0,0,0,1,0,0,0,0,0,0,0,0,0,0,0,Software Engineer
1,0,0,0,1,0,0,0,0,1,0,0,1,1,1,0,0,1,1,1,1,1,1,0,0,0,0,0,0,0,0,0,0,0,1,1,1,1,0,0,Data Scientist
0,0,0,0,1,0,0,0,1,0,0,1,0,0,0,0,0,0,1,0,0,0,1,0,0,0,0,0,0,0,1,0,0,0,0,1,1,1,0,0,Data Analyst
1,0,0,1,1,0,0,0,0,0,1,0,0,0,0,0,0,0,1,0,1,1,0,0,0,0,0,0,0,0,0,0,0,0,1,1,1,1,0,0,Data Analyst
0,0,0,0,0,1,0,1,1,1,1,0,0,0,1,0,0,0,0,0,0,0,1,0,0,1,0,0,0,0,0,0,0,1,0,0,0,0,1,0,Frontend Developer
1,0,1,0,1,0,1,0,0,0,1,0,1,0,0,1,1,1,1,1,0,1,1,1,0,1,0,1,1,0,0,0,0,0,0,0,0,0,1,1,AI Engineer
1,1,1,1,1,0,1,0,0,1,0,0,0,0,1,0,1,0,0,0,0,1,1,1,0,0,0,0,1,1,0,0,0,0,0,0,1,0,0,1,Software Engineer
1,0,1,0,0,0,0,0,0,1,0,0,1,0,0,1,0,1,1,1,1,1,1,0,0,0,0,1,0,0,0,1,0,0,0,1,1,0,0,0,Data Scientist
1,0,0,0,1,0,0,0,0,0,0,0,1,1,1,1,1,0,1,1,0,0,1,1,1,0,0,1,1,0,0,0,1,1,0,0,0,1,1,1,AI Engineer
1,0,1,1,1,0,0,1,0,0,1,0,1,1,0,0,1,1,1,1,0,1,1,0,0,0,0,0,1,0,1,0,0,0,1,1,1,1,0,0,Data Scientist
1,0,0,0,0,0,0,0,0,0,0,0,0,1,0,0,0,0,0,1,0,0,1,0,1,1,1,1,1,0,0,1,0,1,0,0,0,0,1,0,Cloud Engineer
0,0,0,0,0,1,1,1,1,1,0,1,0,0,0,0,0,0,1,0,0,1,1,1,0,1,0,0,1,0,0,0,1,1,0,0,0,0,0,0,Full Stack Developer
1,0,0,0,1,1,0,0,0,0,0,0,1,0,0,0,0,0,1,1,1,0,1,0,0,1,0,0,0,0,0,0,0,0,1,1,1,1,1,1,Data Analyst
0,0,0,0,0,0,1,1,0,0,0,1,0,1,0,0,0,0,0,0,0,0,1,0,1,0,0,0,1,0,0,1,0,1,0,1,0,1,0,1,Web Developer
1,0,0,0,0,0,0,0,0,0,0,0,0,1,0,1,1,1,1,0,1,0,1,0,1,0,1,0,1,0,0,0,0,0,0,0,0,0,0,0,ML Engineer
0,0,0,0,0,1,1,1,1,1,1,1,0,1,1,0,1,1,0,0,0,0,1,1,1,0,0,0,0,0,0,0,1,1,1,0,0,0,0,0,Full Stack Developer
1,1,0,1,1,0,1,0,0,0,0,0,0,0,0,0,0,0,1,0,1,0,0,0,0,0,0,0,0,0,0,0,0,0,1,1,1,1,0,0,Data Analyst
1,0,0,1,0,1,0,1,1,1,0,1,0,0,0,0,0,0,0,0,1,1,1,1,0,0,0,0,0,0,0,0,1,1,0,0,0,0,0,0,Full Stack Developer
1,0,0,1,0,0,0,0,1,0,0,0,1,0,0,0,0,0,0,0,1,1,1,1,1,1,1,1,1,0,0,0,1,0,0,0,1,0,1,0,Cloud Engineer
1,1,0,0,1,0,0,0,0,0,0,0,0,0,1,0,0,1,1,0,1,0,0,0,0,0,0,0,0,0,0,0,1,1,1,1,1,1,0,0,Data Analyst
1,0,0,1,0,0,0,0,1,0,0,0,1,1,0,1,1,0,0,0,0,1,1,1,1,1,1,0,1,0,0,0,0,0,0,0,1,0,0,1,ML Engineer
1,0,0,0,1,0,0,0,0,0,0,1,0,0,0,0,0,0,1,1,1,0,1,0,0,0,0,0,0,0,0,0,1,0,0,1,1,1,0,0,Data Analyst
1,0,0,0,1,0,0,0,1,0,0,0,1,0,0,0,0,1,1,1,0,0,1,0,0,0,0,0,0,0,0,0,0,0,1,1,1,1,0,0,Data Scientist
1,0,0,0,0,1,0,0,1,0,0,0,0,0,0,0,0,0,0,0,0,0,1,0,1,1,1,0,1,0,1,1,0,0,0,0,1,0,0,0,Cloud Engineer
0,0,0,0,0,1,1,1,1,1,0,1,0,1,0,0,0,0,0,0,1,0,1,1,0,0,0,0,0,0,0,0,1,1,1,0,0,0,1,0,Full Stack Developer
0,0,0,0,0,1,0,1,0,1,0,1,0,0,0,0,0,0,0,0,1,0,1,1,0,0,0,0,0,0,0,0,1,1,1,1,1,0,0,1,Full Stack Developer
1,0,0,1,0,0,0,0,0,0,0,0,1,1,0,0,0,1,0,1,1,0,1,0,1,0,1,0,0,0,0,0,0,0,1,1,1,1,1,0,Data Scientist
1,0,0,1,1,0,0,0,0,0,0,0,1,1,1,1,1,1,0,1,0,0,1,0,1,0,0,1,1,0,0,0,0,0,0,1,0,0,1,1,AI Engineer
1,0,1,0,1,0,0,0,0,1,0,0,0,0,1,0,0,0,0,1,1,0,1,0,0,0,0,1,0,1,0,1,1,1,0,0,0,0,0,0,Backend Developer
1,1,0,0,0,0,0,0,0,0,0,0,1,1,1,1,1,1,1,1,1,0,1,0,1,1,0,0,1,0,0,0,0,0,1,1,0,0,1,1,AI Engineer
0,1,0,0,0,1,1,1,1,1,0,1,0,0,0,0,1,0,1,0,0,0,1,0,0,0,1,0,0,0,0,0,0,0,0,1,1,0,0,0,Frontend Developer
1,0,0,1,0,1,0,0,0,0,1,1,1,0,0,1,1,1,0,1,0,0,1,0,1,0,1,0,1,0,0,0,0,0,1,1,0,0,0,0,ML Engineer
0,0,0,0,1,0,0,0,0,0,0,1,1,1,1,1,1,1,1,1,0,0,1,0,0,0,0,1,1,0,0,1,0,0,1,0,1,0,1,1,AI Engineer
1,1,1,1,1,0,0,0,0,0,0,0,0,1,0,0,0,0,0,0,0,0,1,1,0,0,0,0,1,0,0,0,0,0,0,0,0,1,0,0,Software Engineer
1,0,0,1,0,0,0,0,1,1,0,0,1,1,1,1,1,0,1,1,0,0,1,0,1,0,0,1,1,0,0,0,0,0,0,0,0,0,1,0,AI Engineer
0,1,0,1,1,1,1,1,1,1,0,1,0,0,0,0,1,1,0,0,0,0,0,1,0,0,0,0,1,0,0,0,1,1,0,0,0,0,0,0,Full Stack Developer
0,0,0,0,1,0,1,1,1,0,0,1,0,1,0,1,1,0,1,0,0,0,1,0,0,1,0,0,0,0,0,0,0,0,0,0,0,1,0,1,Frontend Developer
0,0,0,0,1,0,0,0,1,1,0,0,1,0,0,0,0,0,0,0,0,0,1,0,0,0,0,1,0,1,1,1,1,1,0,0,1,0,0,0,Backend Developer
1,1,0,0,1,0,0,0,1,1,0,0,1,0,1,1,0,0,0,0,1,0,1,0,0,0,0,0,1,1,1,1,0,1,0,0,0,0,0,0,Backend Developer
1,0,0,0,0,0,0,0,0,0,0,0,0,0,0,1,0,0,0,0,0,0,1,0,1,0,1,1,1,0,0,1,0,0,0,0,0,0,1,0,Cloud Engineer
1,0,0,0,0,0,0,0,0,0,0,0,1,0,0,0,0,0,0,1,0,1,1,0,1,1,1,1,1,0,0,0,0,0,0,0,0,0,0,0,Cloud Engineer
1,0,1,0,1,1,0,0,0,1,0,0,1,0,1,1,1,0,1,1,0,0,1,1,0,0,0,0,1,0,0,0,1,0,0,0,0,1,1,1,AI Engineer
0,0,1,0,0,1,1,1,1,1,1,1,0,0,0,0,0,0,0,0,0,0,0,1,0,1,1,1,0,0,0,0,0,1,0,0,0,0,0,0,Web Developer
1,0,1,0,0,0,0,0,0,0,1,0,0,0,1,1,0,0,0,0,0,0,0,0,1,1,1,1,1,0,0,1,0,0,0,0,1,0,0,0,Cloud Engineer
0,0,0,0,1,1,1,1,1,1,1,1,1,0,1,0,0,1,0,0,0,0,1,1,0,0,0,0,0,0,0,0,1,1,0,1,0,0,0,1,Full Stack Developer
1,0,0,0,1,0,0,0,0,0,0,0,0,0,0,0,0,0,1,0,1,0,0,0,0,1,0,0,0,0,0,0,0,0,1,1,1,1,0,0,Data Analyst
0,0,0,0,0,1,1,0,1,0,0,1,0,0,1,0,0,0,0,0,0,0,0,0,1,0,0,0,0,0,0,0,0,0,0,0,0,0,1,0,Frontend Developer
0,0,0,0,1,0,0,0,0,0,0,0,0,0,0,0,0,1,1,0,1,0,0,0,1,0,0,1,0,0,0,1,1,0,1,1,0,1,0,0,Data Analyst
0,0,0,0,0,1,1,1,1,1,0,0,0,0,0,0,0,0,0,1,0,0,1,1,0,0,0,1,0,1,0,0,1,1,0,0,0,1,0,0,Full Stack Developer
1,1,1,0,0,0,1,0,0,0,0,1,1,0,0,0,1,0,0,0,0,1,0,0,1,1,1,1,1,0,0,0,0,0,0,0,0,0,0,0,Cloud Engineer
0,0,0,0,1,1,1,1,1,0,0,1,0,0,0,0,0,0,0,0,1,0,1,0,1,0,0,0,0,0,0,0,0,0,0,0,0,1,1,1,Frontend Developer
1,0,0,0,1,0,0,0,0,1,0,0,0,0,0,0,0,0,0,0,0,1,1,0,0,0,0,0,0,1,1,1,1,0,0,0,0,0,0,0,Backend Developer
1,0,0,0,0,0,0,0,0,0,0,0,1,1,0,1,1,1,0,0,0,1,1,0,1,0,0,0,1,0,1,0,0,0,0,1,0,0,0,0,ML Engineer
0,0,0,0,0,1,1,1,0,0,1,1,0,0,1,0,0,0,0,0,0,0,1,0,0,0,0,0,1,0,0,1,0,0,0,1,0,0,1,0,Web Developer
1,0,0,0,0,0,0,0,0,0,0,0,1,1,0,1,1,1,0,1,0,0,1,0,1,0,1,0,1,0,0,0,0,0,0,0,0,1,1,0,ML Engineer
0,1,0,0,0,1,1,1,1,0,0,1,0,0,0,0,0,0,0,1,1,1,0,0,0,0,0,0,0,0,0,0,0,0,0,0,0,0,0,0,Frontend Developer
1,0,0,0,1,0,0,0,0,0,0,1,1,1,1,1,1,1,1,1,0,0,1,0,1,0,0,0,0,0,0,0,0,0,0,0,0,0,1,1,AI Engineer
0,0,0,0,0,1,1,1,1,1,1,1,0,0,0,0,0,0,0,0,0,0,1,1,0,0,0,0,0,0,0,1,1,1,0,0,0,0,0,0,Full Stack Developer
1,0,0,0,0,1,1,1,1,1,0,1,0,0,0,0,0,0,0,1,0,1,1,1,0,0,0,1,0,0,1,1,1,1,1,0,0,0,0,0,Full Stack Developer
0,0,0,0,0,1,0,1,1,0,0,1,0,0,0,0,0,0,0,1,0,0,1,0,0,0,0,0,0,1,0,0,0,0,0,0,1,0,0,0,Frontend Developer
1,0,0,0,0,1,0,0,0,0,0,1,0,0,0,1,0,0,0,0,0,0,1,0,1,1,1,1,1,0,0,1,0,0,0,0,0,0,0,0,Cloud Engineer
1,1,0,0,0,1,1,0,0,0,0,0,1,1,0,1,1,1,0,0,0,1,1,1,1,0,1,0,1,1,0,0,1,0,0,0,0,0,0,0,ML Engineer
1,0,0,1,1,0,1,0,0,0,0,0,1,1,0,1,1,1,1,1,0,0,1,0,1,0,0,0,1,0,0,0,0,0,0,0,0,0,1,1,AI Engineer
1,0,1,1,1,0,0,1,0,0,0,0,0,0,0,0,0,0,0,0,0,0,1,1,1,0,1,1,1,0,0,1,0,0,0,0,0,1,0,0,Software Engineer
1,1,0,0,1,0,0,0,1,0,0,0,1,0,0,0,0,1,1,1,1,1,1,0,0,0,0,1,0,0,0,0,0,0,1,1,1,1,0,0,Data Scientist
0,1,1,0,1,0,0,0,0,0,0,1,0,0,0,0,0,0,0,0,0,0,1,1,0,0,0,0,0,0,0,0,0,0,0,0,0,0,0,0,Software Engineer
1,1,0,1,1,0,0,0,0,1,0,0,0,0,0,0,0,0,0,0,0,0,1,0,0,0,0,0,1,1,1,1,1,1,0,1,0,1,0,0,Backend Developer
1,0,0,0,1,1,0,0,0,0,0,1,1,1,0,1,1,1,1,1,0,0,1,1,1,0,0,0,1,0,0,0,0,1,0,0,0,0,1,1,AI Engineer
1,1,1,0,1,0,0,0,0,1,0,1,0,0,0,0,0,1,1,0,0,1,1,1,0,0,1,0,0,0,0,0,0,1,0,0,0,0,0,0,Software Engineer
0,0,0,0,0,1,1,1,1,1,0,1,0,1,0,0,0,0,0,0,1,0,1,1,0,0,0,0,1,0,0,0,1,1,0,0,0,1,0,0,Full Stack Developer
1,0,0,0,0,0,0,0,0,0,0,0,1,1,0,1,1,1,0,0,0,0,1,0,1,0,1,0,1,0,0,0,0,0,0,0,1,0,0,0,ML Engineer
0,0,0,0,0,1,0,1,1,0,0,1,1,1,0,0,0,0,0,0,0,0,1,0,1,1,0,0,1,0,0,0,0,0,0,0,0,0,0,0,Frontend Developer
0,0,0,0,1,0,0,0,0,0,0,1,1,1,1,1,1,1,1,1,0,0,1,0,1,1,0,1,1,0,0,0,0,0,1,0,0,0,1,1,AI Engineer
1,0,0,0,1,0,0,0,0,0,0,0,0,0,0,0,0,0,1,0,1,0,0,0,0,1,0,1,0,0,0,0,1,0,1,1,1,1,0,1,Data Analyst
1,0,1,0,1,0,0,0,0,1,0,0,0,0,1,0,0,0,0,0,0,0,1,1,0,0,0,1,0,1,0,1,1,1,0,0,0,0,0,0,Backend Developer
1,0,1,1,1,0,0,0,0,0,0,0,0,0,0,0,1,1,0,0,0,1,1,1,0,0,1,0,0,0,0,1,0,1,0,0,0,0,0,0,Software Engineer
0,0,0,0,1,1,1,1,1,1,0,1,0,0,1,1,0,0,0,0,0,0,1,0,0,0,0,0,0,0,0,0,0,0,0,0,1,1,0,0,Frontend Developer
1,0,0,1,1,0,0,0,0,1,0,0,0,0,0,0,0,1,1,1,1,1,1,0,0,0,0,0,0,0,0,0,0,0,1,1,1,1,0,1,Data Scientist
1,0,0,0,1,0,0,0,0,0,0,0,1,1,1,1,1,1,1,0,0,0,1,0,1,0,0,1,1,0,0,0,1,0,0,0,0,0,0,1,AI Engineer
1,0,0,1,0,0,0,1,0,0,0,1,0,0,0,0,0,0,0,0,0,0,1,0,1,1,1,1,1,0,0,0,0,0,0,0,1,0,0,0,Cloud Engineer
1,0,0,0,1,0,1,0,0,1,1,1,0,0,0,1,0,0,1,0,1,1,0,0,0,0,0,0,0,0,0,0,0,0,1,1,1,1,0,0,Data Analyst
0,0,0,0,0,1,1,1,1,0,1,1,0,0,0,0,0,0,0,0,0,0,1,1,0,0,0,0,0,0,0,0,0,1,0,0,0,0,1,0,Web Developer
1,0,0,0,1,1,0,0,0,0,0,0,1,1,1,1,1,1,1,1,0,0,1,0,1,1,0,0,1,0,0,1,0,0,0,0,0,0,1,1,AI Engineer
0,0,1,0,1,1,1,1,0,0,0,0,0,0,0,1,0,1,1,0,0,0,1,0,1,0,0,0,0,0,1,0,0,0,0,0,0,0,1,0,Frontend Developer
1,0,0,0,0,1,1,0,0,0,0,0,1,0,0,0,1,0,0,0,0,0,1,0,1,1,1,0,1,0,0,0,0,0,1,0,0,0,0,0,Cloud Engineer
0,0,0,0,0,1,1,1,1,1,0,1,0,0,0,0,0,0,0,0,0,0,1,0,0,1,0,1,1,0,0,0,0,1,0,0,0,0,0,0,Frontend Developer
0,1,1,1,1,0,0,0,0,0,0,1,0,0,0,0,0,0,0,0,0,1,1,1,0,0,0,1,1,0,0,1,0,0,0,0,0,0,0,0,Software Engineer
1,0,0,0,0,0,0,0,0,0,0,0,1,1,1,1,1,1,1,1,0,0,1,0,1,0,1,0,1,0,0,0,0,1,0,0,0,1,1,1,AI Engineer
0,1,0,1,1,1,1,1,0,0,1,1,0,0,0,1,0,0,1,0,1,0,1,0,0,0,0,0,0,0,0,0,0,1,0,0,1,0,0,0,Web Developer
1,1,1,1,1,0,0,1,0,1,1,0,0,0,1,0,0,1,0,0,0,0,1,1,0,0,0,1,1,0,0,1,0,1,0,0,1,0,0,0,Software Engineer
1,1,1,1,1,0,0,1,0,0,0,0,0,1,0,0,0,0,0,0,0,1,1,1,0,0,1,0,1,1,0,0,0,0,0,0,0,1,0,1,Software Engineer
0,0,0,1,0,0,1,1,1,0,0,1,0,0,1,0,0,0,0,0,1,0,1,0,0,0,0,0,0,0,0,0,0,0,1,1,0,0,0,0,Frontend Developer
1,0,0,0,1,0,0,0,0,0,0,0,1,0,0,0,1,1,1,1,1,1,1,0,0,1,0,0,0,0,0,1,0,1,1,1,1,1,0,0,Data Scientist
1,0,1,0,1,0,0,0,0,0,1,0,0,0,0,0,0,0,1,1,0,0,1,0,1,1,0,1,0,1,1,1,1,1,0,0,0,0,1,1,Backend Developer
1,0,0,1,0,0,1,0,0,1,0,0,0,0,0,0,0,0,0,0,0,0,1,1,1,1,1,1,1,1,0,0,0,0,0,1,1,0,0,0,Cloud Engineer
0,0,1,1,0,0,1,1,1,1,0,1,0,0,0,0,0,0,0,0,0,0,1,1,0,0,0,1,0,0,0,0,1,1,0,0,1,1,1,1,Full Stack Developer
1,0,0,1,1,0,0,0,0,0,0,1,1,1,1,1,1,1,1,1,0,0,1,0,1,0,0,0,1,0,0,1,0,0,0,0,0,0,0,1,AI Engineer
0,1,0,0,1,1,1,1,1,0,1,1,0,0,0,1,0,0,0,0,1,0,0,0,0,1,0,0,0,0,0,0,0,0,0,0,0,0,0,0,Frontend Developer
0,0,0,0,0,1,1,0,1,1,0,1,0,0,0,0,0,0,0,0,0,1,0,1,0,0,1,0,0,0,0,0,1,1,0,0,0,0,0,0,Full Stack Developer
1,1,0,0,0,0,0,0,0,0,0,0,1,1,1,1,1,1,0,0,0,0,0,0,1,0,1,0,1,0,0,0,0,0,0,0,0,0,0,0,ML Engineer
1,0,0,0,0,0,0,0,0,1,0,0,1,1,0,1,1,1,0,0,0,0,1,0,1,0,1,0,1,0,0,0,0,1,0,0,0,0,0,0,ML Engineer
0,0,1,0,0,1,1,1,1,0,0,1,0,1,0,0,0,1,1,0,0,0,1,1,0,0,0,1,0,1,1,0,0,1,0,0,0,1,0,0,Full Stack Developer
1,0,1,0,0,0,0,0,0,0,0,1,0,1,0,0,0,0,0,0,1,1,1,0,1,1,1,1,0,0,0,0,0,1,1,0,0,0,0,0,Cloud Engineer
1,0,0,0,1,0,1,0,0,0,0,0,1,0,0,0,0,1,1,1,1,0,1,0,1,0,0,0,0,0,1,0,0,0,1,1,1,1,0,0,Data Scientist
1,1,0,0,1,0,0,0,0,1,0,0,1,0,0,0,0,0,1,1,1,1,1,0,0,0,0,0,1,0,0,0,0,0,1,1,1,1,0,0,Data Scientist
1,0,0,0,1,0,0,1,0,0,0,0,1,0,0,1,0,1,1,1,1,1,1,0,0,0,0,0,0,0,0,1,0,0,1,1,1,1,0,0,Data Scientist
1,0,1,0,1,0,0,0,1,0,0,0,0,1,0,0,0,0,1,0,1,0,1,0,0,0,0,1,0,0,0,0,0,0,1,1,1,1,1,0,Data Analyst
1,0,0,0,1,0,0,0,0,0,0,0,1,1,1,1,1,1,1,1,0,0,1,1,1,0,0,0,1,0,0,0,0,0,1,0,0,1,1,1,AI Engineer
1,0,1,1,0,0,0,0,0,0,0,1,0,0,0,0,1,0,0,0,0,0,0,1,0,1,0,0,1,1,0,0,0,0,1,0,0,1,0,0,Software Engineer
0,0,1,0,0,1,1,1,0,0,1,1,0,0,1,0,1,0,0,1,0,0,1,0,0,0,1,0,0,1,1,0,0,1,0,0,0,0,1,0,Web Developer
0,0,0,0,0,1,1,1,1,1,0,1,0,0,0,1,0,0,0,0,0,1,0,1,0,0,0,1,0,0,0,0,1,0,0,1,0,0,0,0,Full Stack Developer
0,0,0,0,1,0,0,0,0,1,0,0,1,1,0,0,1,1,1,1,0,0,1,0,1,0,0,0,1,0,0,1,0,0,0,0,1,0,1,1,AI Engineer
0,0,0,0,1,1,1,1,1,0,0,1,0,0,0,0,0,0,0,0,1,0,1,0,0,0,0,0,0,0,0,0,0,0,0,0,1,0,1,0,Frontend Developer
0,0,1,0,0,1,1,1,1,1,0,1,0,0,1,0,0,0,0,0,1,0,1,1,0,0,0,0,0,0,0,0,1,1,0,0,0,0,0,0,Full Stack Developer
1,1,0,1,0,0,0,0,1,0,0,0,1,1,0,1,1,1,0,0,1,1,1,0,1,1,1,0,1,1,1,0,0,0,1,0,0,0,0,0,ML Engineer
1,1,0,0,0,0,0,0,0,0,0,0,0,1,1,0,1,1,0,0,0,1,1,0,1,0,1,0,1,0,0,1,0,0,0,0,0,0,1,0,ML Engineer
1,0,1,0,1,0,0,0,0,1,0,0,1,0,0,0,0,1,1,1,1,1,1,0,1,0,0,1,0,0,0,0,0,0,1,0,1,1,0,0,Data Scientist
1,0,0,0,0,0,0,0,0,0,0,0,1,0,0,1,1,1,0,1,0,0,1,0,1,0,1,0,1,0,1,0,0,0,0,0,0,0,0,0,ML Engineer
1,0,0,0,1,0,0,0,1,1,0,0,0,1,0,0,1,1,0,0,0,0,1,0,1,0,0,0,1,1,1,1,1,1,1,0,0,1,0,0,Backend Developer
